num_ticket,origin,destination
kw9f0kwvZJmsukQy,TLC,MTY
zYJ0eNPqoypT9KBV,MTY,TLC
PheImPzc32OUR8pL,MEX,MTY
OXedr2FpCM7064xJ,MTY,MEX
dl801YRyK6BEK8mU,MEX,MTY
JB1dRWESoeauaWVq,MEX,MTY
bHN36hCimwE4OW4h,MEX,MTY
XQuBO6I88QDDi7JK,MEX,MTY
zNmdVByJnH3ahxSK,MEX,MTY
nYV7nHdGC0k5m1vY,MEX,MTY
CP2h3qToAfeyo59X,MTY,MEX
6lbI29h7zpfhhjEY,MEX,MTY
cexrXVfqb1jrt77X,MEX,MTY
NGrqOOwtdiDa4uQd,MEX,MTY
woVEzba2dnHoy73e,MEX,MTY
u2VIiab138XdNca5,MEX,MTY
CcYKG7HFuYCaN57S,MTY,MEX
3ZcOsTsx373S4L51,MEX,MTY
mpLbORJgaZepr4lk,MEX,MTY
VUeFhdjbHSY9GysL,MEX,MTY
xOak4iej3jYXqXdQ,MEX,MTY
RKGIpQbZrompkicp,MTY,MEX
DpiDcoOOGALmJxGC,MTY,MEX
gX9YuSqDt7my8ZA4,MEX,MTY
7BskfeTyzyr3twu1,MEX,MTY
HJ3kuLRDfUy8Yu3H,MTY,MEX
0t4GtJwo2KsBCM9a,MTY,MEX
CpUHZWuUgYWbnUmd,MTY,MEX
d3fys4nzbriYAOs1,MTY,MEX
t8R7Yq0JTK4aniR8,MTY,MEX
hO8yy5hAhBXP5sXR,MTY,MEX
FgCDxpiBWSWby5Mb,MEX,MTY
91NpfFXSaPtTxds6,MEX,MTY
uLe6ncX5j2yyQc90,MTY,MEX
Jv54iGTZwAtSo9yY,MTY,MEX
3zFFSr5vwyWEvA3w,MTY,MEX
xc75PPLVE4Y3yPfY,MTY,MEX
DojYnRykzLjHbo1S,MTY,MEX
GBrsASazP8Ah453Y,MTY,MEX
QIxB8PFVk5IRNlt1,MTY,MEX
aSRkhM526JXqifzx,MTY,MEX
2nvhKuJewkqHvkr1,MTY,MEX
PgRmZdn86N019QwD,MEX,MTY
UcdLgHnJtyIv9Bob,MEX,MTY
l9gf0v9cvgj3N0NO,MEX,MTY
dZSAxtwefrYKXo6b,MTY,MEX
PtPlBLF83iQT07I7,MTY,MEX
NEc6kKpAAWUf6rFu,MTY,MEX
OMO8oreGKqYpfbxG,MTY,MEX
sp5o2Fv7YMqRkIkU,MTY,MEX
0I2BZkSiQEfVzU2e,MEX,MTY
yLQwpyiOgyHPTjnE,MEX,MTY
QswINn4P24AzGXdW,MEX,TAM
b1YWm50CKAGI0huL,MEX,TAM
LZqOJtW988AuVigG,MEX,TAM
fEVdQPzcLpxMzMvq,MEX,TAM
Wn0YNsenGaJ0cDyB,MEX,TAM
r6glPP70PSXrKr3u,MEX,TAM
34SjfUlnZRokeO5v,MEX,TAM
BqKF9GFVEa9QWuEY,MEX,TAM
6jAAe7FYw39qJ3UJ,MEX,TAM
m5zVuea4BMod33JI,MEX,TAM
h2j3vq1jxBoVlloP,MEX,TAM
PMCmBGuPbDD0pg3z,MEX,TAM
eRtjpqUG6jPV09Hz,MEX,TAM
4PoJ3IbvrJUJGeVb,MEX,TAM
1uTIi7yRj94yR8s0,MEX,TAM
Tfdeg9fuMT45Z7iV,MEX,TAM
VXQjWsS6zbjCC51y,MEX,TAM
5hFFEC2a0TdgdbIW,MEX,TAM
fsO4XwdEhH4ltue7,MEX,TAM
OxizK518crOkxQhS,MEX,TAM
hLXLxWhyR65iNPci,MEX,TAM
nxVo2tLskmzEHbTf,MEX,TAM
0AwPDgrawFvLl9Ei,MEX,TAM
i6hJhJsO0rfXrGFi,MEX,TAM
cFkkcL9OjK66OgQf,MEX,TAM
Wqvl20EZVsHO0W3j,MEX,TAM
6if6ymsMhjJP47rM,MEX,TAM
Had7q8L9nwxU97tB,MEX,TAM
qax6Co0925QKMfnl,MEX,TAM
RlQ4JYZJInxI45YR,MEX,TAM
0FqbQjh37w7S4fdt,MEX,TAM
EmrGaRtBPCjDdMMd,MEX,TAM
jfSA9KlES2e3gH7z,MEX,TAM
9Erhp1ioRiPUlu7q,MEX,TAM
Aej7W88pvDi4YnTH,MEX,TAM
V7WM1gPhMnX7Wzy0,MEX,TAM
gc0aH5XTkCuijl3g,MEX,TAM
METBWMoTe6t0ZSPZ,MEX,TAM
qF0R9FWi1nY8GlPJ,MEX,TAM
6c6wgl39o5rz21IX,MEX,TAM
bwjPykp5oVaPjwTc,MEX,TAM
To6bMvNj7E7BMgRB,MEX,TAM
MLSt0c1MDmEHcoxg,MEX,TAM
YK9QANXGJ5MkS1U4,MEX,TAM
JhXvdmJrogLNEEZp,MEX,TAM
E95rOJbiHKsbH2Wx,MEX,TAM
uMMjsEFPrCaPBhoE,MEX,TAM
79vZrYz6E9evxWkp,MEX,TAM
Wr50zSgUx3mdeGuf,MEX,TAM
aiyvSst0iTqbw3gh,MEX,TAM
gS7dHJJ3RT1MgOwc,MEX,TAM
BCAG78B2FGnM4YMc,MEX,TAM
cQIgPoykRvaIMnYv,MEX,TAM
ofWAD0E5RKs9fFwv,MEX,TAM
FOdLbv8fz6YwOSnN,MEX,TAM
HzyiqgHxh78sbH9x,TAM,MEX
E9bgDdGnb18QACmt,TAM,MEX
DHz2xhbuLXWm8GsJ,TAM,MEX
LOq7sucSd1zGKqKc,TAM,MEX
8FOSHL39PY0aba9a,TAM,MEX
SkkmJxNh2aBOM20j,MEX,TAM
SNED1o2qZPGW68qx,TAM,MEX
qKDtMKXhPS7OWNQ0,TAM,MEX
Yz28sknxlKfbeGez,TAM,MEX
25yFhZKTT4iOoOc8,MEX,TAM
gqSx79g8AJmWS8xL,MEX,TAM
b6Arzok4UWZzDeFU,MEX,TAM
31SAJlFuaSd7gJPi,MEX,TAM
17YTOuxumzIOIgr9,MEX,TAM
yiU2d4fqNaJMG0Wz,MEX,TAM
i4SBSodXWwuxkCBK,MEX,TAM
qDptkFRNllPaPr1e,MEX,TAM
h77XcHMPezJ2mMB8,MEX,TAM
S60wsXGdXsJAFhvl,MEX,TAM
EZYUHfCtTPjF3eeL,MEX,TAM
mQ0YxowMZ9dmw6uw,MEX,TAM
JgAuJAooBWPf8hY4,MEX,TAM
joYxzuWZWqkHXpN5,MEX,TAM
nI2TqAox8exHwiH5,MEX,TAM
luR2deIfWgOX0WR7,MEX,TAM
jdiD4Q6pThJCAQGO,MEX,TAM
1iTvpF0bKQdoIU9Q,MEX,TAM
B5jrYC4DRaXRrExz,MEX,TAM
POz2f9XaI1FNr6fD,MEX,TAM
u74TWe3ohWILFOvE,TAM,MEX
CxT11UQKmr2Sd6JW,TAM,MEX
DsnpN8fauLnHe8X2,TAM,MEX
cmaqQZh21JdwNJaQ,TAM,MEX
ijuhkeVg06wK6oTC,TAM,MEX
LAof1nPoAzjFlH6t,TAM,MEX
7FIEZ2Sf4E9XuxHm,TAM,MEX
ie2XD54BdZ7kGXL7,TAM,MEX
lGGRMg8BR9Pwaihf,TAM,MEX
B4e7egMqgOQUk85S,TAM,MEX
s8AEx9IDWt3nB3i4,MEX,GDL
6qCnLqLbVC7wTbw7,GDL,MEX
bQndltFyRDLCqcVu,GDL,MEX
r8PrfKguUyGr8yEw,GDL,MEX
r0kFs4YYnEJD9HvL,MEX,GDL
zUAR2QE0DvqYnM4e,MEX,GDL
UKPFMxIKLnO3dPsB,MEX,GDL
dcOhlT0ts7gKBB5o,MEX,GDL
Fgb4PMY8RCtnu4Rx,GDL,MEX
TTDteG1pWFww5WB6,MEX,GDL
iVyRJfCJT7hWwZuO,MEX,GDL
zZjNUB0du0nHWd4O,MEX,GDL
19NLHWw7zNyHK4r5,MEX,GDL
YFd4OZwM80w8i100,MEX,GDL
9a6keJPs6C2n7srw,MEX,GDL
MASu1iRCGfgjtOGH,GDL,MEX
0wHlmEUHhMbm5DjM,GDL,MEX
1cU9J5TmawljkVBv,GDL,MEX
x8cvkkrrav5oWAhx,GDL,MEX
x7RbTfzxqREKTBFm,GDL,MEX
snU95st6zSGQbvmn,GDL,MEX
9f5YEwoBAU0C7lNp,GDL,MEX
ORH0bqiiT4ElDh5N,GDL,MEX
N5VfJMQaF9VF1Ww2,GDL,MEX
e6jmqEzEBPkxlXsa,GDL,MEX
4BGey8w6h1HzkBSx,GDL,MEX
GKdGuwPUc069xp3n,GDL,MEX
TXUiTsPUQKzaVKZS,GDL,MEX
HAgGTJkSAmP1qJh1,GDL,MEX
ngxgGoMbkkSCb5ZX,GDL,MEX
3EsVnEGNPr5fWu2j,GDL,MEX
jyUDKCQfitdtfCoo,GDL,MEX
ZohQlQfvrtPAJZPG,GDL,MEX
dwPByMVfaRs6fWK4,GDL,MEX
OdormzX4OnXKQFBU,GDL,MEX
Bq71IUVsFmOqrnmx,GDL,MEX
Gge1XitzkS6bxEqQ,GDL,MEX
ilX9OR4mwjTmNE0T,GDL,MEX
wq6D6harZd5nENRY,GDL,MEX
fyRIYbkqBb31MVvG,GDL,MEX
Xe1LD9QY6W8HGfI7,GDL,MEX
dh8BdtUhdibRL99I,GDL,MEX
dAZ0uQpQFerC3J4Z,GDL,MEX
e1BCbp5lWH28Ab1G,GDL,MEX
qU7dDkEDGsEImPWS,GDL,MEX
AJ9rqW0rPBZCT7Mz,GDL,MEX
q9upSoUrTXp41AYB,GDL,MEX
WiopYE0ZMnVakvel,GDL,MEX
GSxWeCSXD86q0UiR,GDL,MEX
gd966dC6YOIJ4FmG,GDL,MEX
AKpNC2hE7WWdTTma,GDL,MEX
yfr7QHloE5lXNJ4T,GDL,MEX
RbpvKwnsG10MB2lc,MEX,GDL
nhQQesBYk74UZ0EI,MEX,GDL
v7pSUUzIQjr7wfCn,MEX,GDL
j1bR0HVF4ys2gHRq,MEX,GDL
2ZBxpRDtHtO5qqnU,MEX,GDL
nXZadxAjCs3c8Fh2,MEX,GDL
JeIyrPgMIOE12kXp,MEX,GDL
swUXTi3jLNlquwKs,MEX,GDL
ytLE8S81mSRqDV8Z,MEX,GDL
I6psyA59CnAbMoCc,MEX,GDL
jBHoYYXjiUR4TmMS,MEX,GDL
e6Q5us5Y5Vv8IQ9R,MEX,GDL
aUbVbFvaLXiAJY64,MEX,GDL
chzg4zUjSsRQIp5D,MEX,GDL
e8HwWNNTcXFhfW3r,MEX,GDL
wNEyQpeJGCayM77Q,MEX,GDL
YDuxJiM3cQHVh7KF,MEX,GDL
OhVA1k6PL4HOdNO8,MEX,GDL
F7gAnxEP7e7VZUDG,MEX,GDL
cV8L82cnOaem0eNB,MEX,GDL
Otxjm8rK0lHshhPn,MEX,GDL
eavsOj9vnbHotZh2,MEX,GDL
ijGDEkJpZ0L2amg8,MEX,GDL
xg2uPvjYufFLQ6kM,MEX,GDL
N5uEw8LRRrjsvh1s,MEX,GDL
gKXglAfkyw4Q48py,MEX,GDL
XFpyHyT9rzGg0V5H,MEX,GDL
xtzmaMHHTCMWERvg,MEX,GDL
p43EcIB7xykmXml6,MEX,GDL
GZckAtSJcHnX7ZNd,MEX,GDL
FgukLABRpnZMTwBm,MEX,GDL
XIZUwIWnYfPii4DL,MEX,GDL
bd04HX6j43ijAEYQ,MEX,GDL
x8EzOe8pkRRxzTbn,MEX,GDL
wv5X0gd3Ta7y371L,MEX,GDL
In7NBhpyiL5yEGEz,MEX,GDL
rJeUvLbZ4E9KT1pz,MEX,GDL
T2NHZMhgRHIMqtcp,MEX,GDL
T5KJmzNH1hPSqlMu,MEX,GDL
lfkWteoTJ0U5AJj9,MEX,GDL
9mJAvZxO2Vrr9I2d,MEX,GDL
u1Gj1Aes904mEknm,MEX,GDL
xeycA8TztfDxrbTK,MEX,GDL
1LwmkYLUY01ODCU7,MEX,GDL
rNoBDYwCUAvU0Nnd,MEX,GDL
NmxaEZ9J6eJaWwvb,MEX,GDL
EaWjlffF2WeDjm6n,MEX,GDL
BaT0eHJdJCiC1j7G,MEX,GDL
LmMyUcn3vo8ELycU,MEX,GDL
ygGjAAXV5X3cztSs,MEX,GDL
nvwkgse4FoIuDCAE,MEX,GDL
hRSXe9RmbWcWT3yT,MEX,GDL
VHder9wfSYGenxqL,MEX,GDL
HQRW6z81ZUvK5X4X,MEX,GDL
4YVtR8OKntppKExc,MEX,GDL
EkTB55RHEL21flvU,MEX,GDL
wxCuEsjVTJXOaJcW,MEX,GDL
tTsivyAHiCppPpHe,MEX,GDL
Psut3sKK3PZwR15y,MEX,GDL
BexAWkmL0ibvCMGb,GDL,MEX
4XslX4T6CcBzpNr0,GDL,MEX
OS2moMkIBwfgIz4j,MEX,GDL
anajyfxtWvnXdWIp,MEX,GDL
QNXFgaPssQ4VPlIt,MEX,GDL
v2ogcPvhOpBjWV1Y,MEX,GDL
NSfk5jl6p9SuEg1C,MEX,GDL
OWcFDOOqNA2b5lcJ,MEX,GDL
CUKj3ygpTpQQBsMa,MEX,GDL
9ogCvIPFQqgQRn2E,MEX,GDL
v8mH16WZ9LtMge6k,GDL,MEX
MyO7jnz9xvwQzyIH,GDL,MEX
jpopBbSnXu0Morby,MEX,GDL
sJdkbhkDPv2aICJE,MEX,GDL
NCD5Da4dHWHdvTMf,MEX,GDL
fVs1sjbG85fbCw7T,MEX,GDL
J7ytcPniNpg3wRRs,MEX,CJS
NXd3ZadDkxsLdHLM,MEX,CJS
4VBh7O1iYBxnWWSE,CJS,MEX
49YaujPwhVW97moT,CJS,MEX
IRQuIYeYyNkJ0tuU,MTY,GDL
bjJCsCJ40WnJ9pEK,CUN,MEX
ivJGIlYdKu9xnFbC,CUN,MEX
UXEokeVqzqb3Gu9J,CUN,MEX
0O95q5yM6pn1PoAe,CUN,MEX
lwLzfiBkwzxkybOn,CUN,MEX
jHe6K4NyVHko6P9O,CUN,MEX
JSyyTKbW2wKyExqr,CUN,MEX
cb8VlBL6nMR2KL5R,MEX,CUN
2BIQLTnWci4eDMoW,MEX,CUN
ud1Bz1N8Ki4ZdvjL,MEX,CUN
l9rtKIiWGy4qEW1N,MEX,CUN
3zPTEQGuBptS9giL,MEX,CUN
ywmho0C1PDgCbvjj,MEX,CUN
UDUcMJLGLlg6lDP5,MEX,CUN
Ejj7VsPh9RenaLf3,MEX,CUN
bknmQcFktWNPSw7Q,MEX,CUN
CDJftztco9ImLBGL,MEX,CUN
eXR0zDeKs0jADoeV,MEX,CUN
YfUq8Cxe9W2600U3,CUN,MEX
Uq3yGUfaYufSv2ko,CUN,MEX
5eGGUGbMtVfpoz98,MEX,CUN
BCrlQTqiAzP2a30f,MEX,CUN
GcbAr8lfx5MN2CgW,MEX,CUN
LsrkRq4MUVLTMp2C,MEX,CUN
R2PGihwDG79IRrRW,MEX,CUN
XQqZKE1NgA1JSKlZ,MEX,CUN
03LMJkUpx3TgM6ED,MEX,CUN
Yt8blTF97NzdCg13,CUN,MEX
gch88bVs5w9DrJF8,CUN,MEX
y7NiivY9kucsrXPw,CUN,MEX
hEMhH9REfBFXYdpY,CUN,MEX
C0fjRhhPbFsTxnUH,MEX,CUN
QKiHCWDCWtBC2Dxo,MEX,CUN
x2m8Jor6xBXvNjl2,MEX,CUN
OMEGRLrYEPluaNXy,MEX,CUN
xPuAg4yVt0Vz6Qrw,MEX,CUN
TaGH6Xcra8EQmpOK,MEX,CUN
Jd5ginZhJipnVgiv,MEX,CUN
1EK3AMI4njfncpyf,MEX,CUN
OfRBZNjVghyh32Lm,MEX,CUN
8phJbaQjrlKU2FII,CUN,MEX
FtXdZjSNefrzKz2x,CUN,MEX
bDieqwRpSXS3q6uO,CUN,MEX
JxabMoratlS6TX7Y,CUN,MEX
un60w5oTELnPYbdL,CUN,MEX
Q8qZ2TyenfIYlaBv,CUN,MEX
sk3QN86o4PplYgZr,MEX,CUN
QDWc7PbYXIOQmVaN,MEX,CUN
m9OlcEKJTDYl08oB,MEX,CUN
soDBuyjdClHRRJio,MEX,CUN
dHBgb1iirysqgOqQ,MEX,CUN
0Wmq7Oy5c1OvEVjr,MEX,CUN
ihIWhvz4aXgCSYO6,MEX,CUN
vmsm88jTkRQn3rFi,MEX,CUN
g4W1fXcMWwvqB9wf,MEX,CUN
Y5KNVmtwdKPdglln,MEX,CUN
v0rIQi8PH4SuEKp3,MEX,CUN
WsliulmuNkEcYiOt,MEX,CUN
AC0m2c9TGjeCQ2NZ,MEX,CUN
I8sdlarH0GQbED1X,MEX,CUN
HrIFbjX2ghA6eJEs,MEX,CUN
6CPKBcTZNCtKaFs1,CUN,MEX
vhKbPJNhVKAc8crI,MEX,CUN
tm0JUK5oujI471Fz,MEX,CUN
4ppj9cjpKWtjiL0k,MEX,CUN
wmJKLRxY3XwSpNdC,MEX,CUN
X23EwJTG4TkN4Eta,MEX,CUN
51R8wxF6AT5Eb4QY,MEX,CUN
YACnElCyUVjB9zBQ,MEX,CUN
2J3zKfmfqYoAMvkv,MEX,CUN
k9PaYlqarc2WDqKl,CUN,MEX
znHw3ZBlrBiW5ZE5,CUN,MEX
YwLMUvlBTZVpkqnN,CUN,MEX
9trJB9rk8lSgNQS2,MEX,CUN
Mu4Qfga5ccTBMyJw,MEX,CUN
MpZhJPpHiyl47r8G,MEX,CUN
TEtb1mmBk3wfgHDo,MEX,CUN
nLkvFmRMRKrs6gkM,MEX,CUN
5FOwRcOmNcg3Q4Z1,MEX,CUN
S3SjrN4hhx3Un1uv,MEX,CUN
2WrRSXrxeGwaUrbh,TIJ,MEX
cDCfDErtFO1u8MuP,MEX,TIJ
8gUkcWZtmbGaCS4N,TIJ,MEX
4hYUloQbcLGGMd25,MEX,TIJ
jl1fCgzdA6UgZcQ8,MEX,HMO
SmDD8jeEVF798CLT,HMO,MEX
NXDjg7fUNFyD4WZ6,MEX,CME
SSqciJmCgwkAsktD,MEX,CME
0eRLv6cJxihXXidq,CME,MEX
SFxsXd6IZtEvBPEq,CME,MEX
yC3V5DInl7PQnl06,MEX,MID
dsnTSjo5wyC4yueJ,MEX,MID
XSkRth3IyIv5E3cB,MID,MEX
e8rHsUuSpIGjNKuc,MEX,MID
zlLd13RqOmzyYReH,MID,MEX
NgWGeuS38UrRDHOT,MEX,CTM
459Bb8zoYa5XebIh,MEX,CTM
vk6BRfj6wHPx2htG,CTM,MEX
qBGcKy6Sr5zBZviJ,CTM,MEX
Mc3M9W9OOXaRYRIz,CTM,MEX
UFYaQDoGZbEmp9TL,CTM,MEX
82GP6RUE9n2CBedD,CTM,MEX
5b7LNsw0EXWzhmzu,CTM,MEX
IUiaQJenXHizGTj3,MEX,CTM
6243DT2WgmCzmAtv,MEX,CTM
QdG6bPjNjnP5lNCy,MEX,CTM
oaZVpnqeFzQ5FpDy,MEX,CTM
l3D04h7I9N37KEXv,CTM,MEX
yPusL0ZLzt3M3dZC,CTM,MEX
DfVhAM4SvTO4g0Pv,VER,MEX
bhQuLLAYWe37wiVR,VER,MEX
BqeqvxvOL65D03YS,MEX,VER
04AN2Clxp4O6GAdL,MEX,VER
NgGqhEjvf9rjes1b,MEX,VER
96C87zP4ZrkGrVI8,MEX,VER
91cnTY6ObnidgRdS,MEX,VER
Z9kEG08tiW5HG2ia,MEX,VER
rvSqbT3uBKht8fVi,MEX,VER
z9JL4PqRtjbhLolh,VER,MEX
DU9Pimdr4vfNNg2P,VER,MEX
m0B00FuEgpjnbUnD,VER,MEX
YNkpOzcqQYzfEPod,VER,MEX
pS63pz3kPOG4MxCl,VER,MEX
GIKVV0whWm8SckiN,VER,MEX
ZiF9LNuw1HnAlQPz,VER,MEX
O6eBAIUcJ2VLU15Y,VER,MEX
Li2fIdfUJRk1NVue,VER,MEX
FIA552mKmkWWemDe,VER,MEX
eK2if8ilmwF6EVyQ,VER,MEX
C41p5wVJTVIMBLpE,VER,MEX
Rau7UtG9DrVNDUv7,VER,MEX
q1IOOKv73hOjm4wn,VER,MEX
i72VflVnUzIq7cjA,MEX,OAX
zMB0LHTHP7Y2veaQ,OAX,MEX
pNUNUOYIKgDr9fX3,MEX,HUX
TNiEZzgNC1bATFUK,MEX,HUX
U6iR03Ly0FUIfuv9,HUX,MEX
CgA3bUX28wSlZNnr,HUX,MEX
ICQdHVWzWlUhoBBb,MEX,ZIH
8BwPO92EVlNLXB2H,MEX,ZIH
eEMUSZzi0hC0aTWe,MEX,ZIH
2eusW9jCM5cP6RWz,MEX,ZIH
EiwFc9DK0unyF1Ve,MEX,ZIH
JmfvJmEBbSco78p4,PVR,MEX
Jxv5u0G9SEt6BWw2,PVR,MEX
d73F2hjwirlOm0SG,PVR,MEX
vl4ntQQxXQbxqsdz,PVR,MEX
fH19eGkAs7thaT7r,PVR,MEX
1YJVKz7ee3ILELZU,PVR,MEX
kRSkkfaJGB5gyKoh,PVR,MEX
tAB7tvL32nyNd1ns,MEX,PVR
F1qcCUpbuw3wos8b,MEX,PVR
fgcCBqP1VSatWILe,PVR,MEX
dLP3sh2upooc3aMO,MEX,PVR
emC49RnRAr16npG4,MEX,PVR
b60h1kP4uCBVhZDg,MEX,LIM
OomiJhWKrkHdYl0X,MEX,LIM
ekMxjW3mIFZwn8KR,MEX,LIM
RG3UpsMuXPSyRNZK,MEX,LIM
5dT8JaVNNPInKOBy,MEX,LIM
8WGCkwMy7wRSFpzo,MEX,LIM
Laz3IdimBEjvvQGk,MEX,LIM
YjMDdl5fNYcvhLht,MEX,LIM
hufrgfDy1Jh4nM3b,MEX,LIM
y6g3mS6kAXYJ9GyI,MEX,LIM
BWnLy6zbrrJNIwaQ,MEX,LIM
3rnEWh40gpBbh9qK,MEX,LIM
IXtnyFs8B0uqQe4S,MEX,LIM
JiDuagp5DEexgcur,MEX,LIM
EeJxXTurejgeJZby,MEX,LIM
WPUspKkl5fecdZ53,MEX,LIM
C6CclOo3HZNfpN3U,MEX,LIM
ABeARQDtRReD29UP,MEX,LIM
ZhvpBUZ3dB2uAYED,MEX,LIM
3LzeWJT2DaYWSvF8,MEX,LIM
JO5d6sAOOIrt36lp,MEX,LIM
tLM3zH1vdJN0GtSI,MEX,LIM
nn5b9c7VYhMrilXs,MEX,LIM
szTfP8MKJKD89pYf,MEX,LIM
NQjVTSxxPnDitXqV,MEX,LIM
kcXQxF4RgudCaXwS,MEX,LIM
AZkEkowKYnd7wX5j,MEX,LIM
HK2guj7CL7aM5ub1,MEX,LIM
9DzMOrKAb4Meb4ZV,MEX,LIM
Cf3SIySnJm8mWGV5,MEX,LIM
dXHTptqaa3iktVKe,MEX,LIM
rdw5HvIIsSVfrhOb,MEX,LIM
7d1ASpniBCF4RO8r,MEX,LIM
BUg9Ckr5quPoo9xi,MEX,LIM
ANoSwkqX93bu1f39,MEX,LIM
4XavF2BXDxRFpLhT,MEX,LIM
NyF6qtsdcDmCt2Yb,MEX,LIM
emWuI1wPd06Y52VW,MEX,LIM
G2zpbfpuhjpTOOON,MEX,LIM
BrpKrtgk5OBxCk0G,MEX,LIM
oJI9p1HqBly17zcq,MEX,LIM
S6gct3kxMy3Y6m4A,MEX,LIM
WaN9WHCOtlzj1c73,MEX,LIM
AyRthkAv5JbTh1py,MEX,LIM
HQ6n8RDpyEFxFKr4,MEX,LIM
5DxTeh4HKfGaUmNc,MEX,LIM
iP2eRvh9nYeehbcF,MEX,LIM
hagIKA0nhqDLISZQ,MEX,LIM
wfDNTn5wPIwOA9k4,MEX,LIM
GKh6Ng1ye8QcPMkl,MEX,LIM
WvTd5hjwfI493zCc,MEX,LIM
WXnyE848DXIiEskF,MEX,LIM
4JxMvprlvSzud3B9,MEX,LIM
xdUDUmsYX1sGptVd,MEX,LIM
lSBR4fFSITVKT4Q8,MEX,LIM
0zo2Rayf1YnatuqR,MEX,LIM
6kJYorhu9y5jxGGh,MEX,LIM
v0kscLIzcPgLDlKm,MEX,LIM
P9yTYjWIATkZ2Y0E,MEX,LIM
oAQ1o3r1K3p18iy4,MEX,LIM
kTdmkm5QAbUo7olI,MEX,LIM
u47C8WcFV0KnheF4,MEX,LIM
Wdj3jS3QVspD1OMh,MEX,LIM
sAiU5yLnJzXO5Fmb,MEX,LIM
IbmW4u5Rhr2CvMI1,MEX,LIM
EmSPjz571Hi2ZOio,MEX,LIM
qS8URnfunssQXqJx,MEX,LIM
6QetP1SKbYNtBNRF,MEX,LIM
CbmdlGlpOkhCvlfT,MEX,LIM
nZJrvl2tUYmeSVlr,MEX,LIM
SxbDDRVwoI7kz57i,MEX,LIM
0hqLkf2NlXS03pQz,MEX,LIM
DxbeSjXiIz9nQxb5,MEX,LIM
PrQ7nLHocA6AHpM5,MEX,LIM
bfpdSB1stWXEhjCR,MEX,LIM
bhMiVgS4p3EaDqLm,MEX,LIM
wO3NBEA1AjRorRlI,MEX,LIM
1aWBlZjCFUq9Fzyn,MEX,LIM
HLJyXjlj68CFwpd9,MEX,LIM
Rx4h1N7d0PGd3MuH,MEX,LIM
dgxkjns98y9fGg5k,MEX,LIM
vSvVMFI9gaXKuSGo,MEX,LIM
73gMSOmsh8X2AUNk,MEX,LIM
38lxrB1RFlqhqvph,MEX,LIM
mU1Akteygq1jWQTH,MEX,LIM
K87VCkMkj1gfbZPo,MEX,LIM
PA3SGd0fFSCllWY6,MEX,LIM
IqVANHSu8hL3Hw80,MEX,LIM
XzHwI88iL6YGbIEn,MEX,LIM
BwxoHEZxObClX7uW,MEX,LIM
u3UZxC407Oo7qmXA,MEX,LIM
Li22XwCHc9ODMchO,MEX,LIM
5YzSK9MbDYVWFEKJ,MEX,LIM
3XtW4JiMCPInebQR,MEX,LIM
swhTnv70hi1bTswl,MEX,LIM
nWekuVDNfPoagEbs,MEX,LIM
ohuCu7bo3kZL0uSY,MEX,LIM
PNJgkID1Xxr6bVSL,MEX,LIM
hcHbZ7hRppE5JOgi,MEX,LIM
DdDsqCXk1BqbEVMS,MEX,LIM
EM1Q8R4o20oCxFyX,MEX,LIM
8JPfxf4bv9vw6ZfS,MEX,LIM
9v9AxhVncBfxlhL0,MEX,LIM
670pEy6wmAdMDeGZ,MEX,LIM
sxdXqhfqM9XOgi6g,MEX,LIM
m77wSGyZ7JL8ms36,MEX,LIM
eJFfEX8HJF1imjFL,MEX,LIM
BnVNz5yOxsxP7jid,MEX,LIM
KgglG3zFvi7C2j9F,MEX,LIM
RZIB5N9XCbgqsrT3,MEX,LIM
93mXjyIckYrLZREE,MEX,LIM
nFK0tGYw37QTwNil,MEX,LIM
7mxDwngHFu06vSCl,MEX,LIM
40quEByjoBw9Xiz7,MEX,LIM
GdAmLtQZMArxMAe5,MEX,LIM
fX9hQ9vblfTw7HiW,MEX,LIM
fRrvqLXAZ4soGPrD,MEX,LIM
A2bubRAyhGEFjQAt,MEX,LIM
X8nDQ5fz7YwMIvg7,MEX,LIM
W7d8Ce2RDgP5zGwA,MEX,LIM
qAOoextw3ik119sA,MEX,LIM
Wt9o73IcAySlyE6j,MEX,LIM
Lo8771Q9skTCYZZ8,MEX,LIM
yB0c0VUU5xrAaj5t,MEX,LIM
prSU1Fa36J7xyrvU,MEX,LIM
Ifr3v4JBoncyJ3ea,MEX,LIM
8y9qVaNNrI5RRXpc,MEX,LIM
xsOYDKzz1TS111br,MEX,LIM
jdjAb6b4aKf4g6HL,MEX,LIM
8WXEnmbgd45FLF3H,MEX,LIM
rUzVCdhHmR4usVkD,MEX,LIM
qM3wZGw1y0wXE6JD,MEX,LIM
CNmoQnL041QhjdOO,MEX,LIM
BGfR2qqr32JlDGDe,MEX,LIM
zFMDl12OB3lQY1d5,MEX,LIM
vElIRtUu32W23dWS,MEX,LIM
Snv0PGfrECeSRKZl,MEX,LIM
vYl4GKKI7HFndefr,MEX,LIM
eVzAlGNlV4ZBN9b7,MEX,LIM
kqv3LFGX3M60MXNF,MEX,LIM
hBkeM2SseB7sJAzN,MEX,LIM
vGUtZwZNHn9ZFLQL,MEX,LIM
fh8FhPtzGPUberWE,MEX,LIM
vGEWWBDZV6b7NtpS,MEX,HAV
4oWhPukrXKnZy4LG,MEX,BOG
r5WDGXAaTeyk0pXC,MEX,BOG
JR98Ogpgx0SHXYHF,MEX,BOG
4SXHeM7TREdB6r0Q,MEX,BOG
Muewa9L8Dzp41ePW,MEX,BOG
DXrajtO7vDsiLRwV,MEX,BOG
WBaq6og4I63ekOxW,MEX,BOG
jZ5VL6vNaZsPC3K7,MEX,BOG
wkupNk67uFUwGeSV,MEX,BOG
xU67RznWC61t82RF,MEX,BOG
abp61BDBBiDvBqQB,MEX,BOG
d8S0XyaD1TZvYHHG,MEX,BOG
5FzvrdGTFz1nR0Eu,MEX,BOG
qRGiVA1QK2ZYcGKX,MEX,BOG
kYYaNipka1yiIpf8,MEX,BOG
nMhv8e0V966FWhvU,MEX,BOG
NRwYspJldBR3mgt7,MEX,BOG
6kJTQfM8gG1WMBSc,MEX,BOG
TKF9BrM2xFEmAqz1,MEX,BOG
m5PXa8T5CkzloGxz,MEX,BOG
hXN2PBS6x3mUBvWj,MEX,BOG
utmKg7gqy2Sj66jm,MEX,BOG
A1WAKHXRuRKbOiej,MEX,BOG
vPI8QXbV4MKUfVJp,MEX,BOG
ECiqSei9VxCiZprN,MEX,BOG
iSmJhGbzNU1XwufY,MEX,BOG
ACscRJ0jWJy1c5kK,MEX,BOG
Ca7amu7WLru97hZH,MEX,BOG
L0Rvy2jtgDyhaMuc,MEX,BOG
7hnGfYiGja6UXf3e,MEX,BOG
kFsUEKVeFjpoEN4t,MEX,BOG
B7f4UuJwXMHJEAxu,MEX,BOG
QiyfikwGKA5jAanr,MEX,BOG
CvXYOYM6xUEUp11d,MEX,BOG
sGdppIQDkU4JHVkH,MEX,BOG
CItxaBVhAirSgoZq,MEX,BOG
VNCc7Rd5k6R5j0mz,MEX,BOG
UthevhAyhMbU59NU,MEX,BOG
zXhlEyzNUAACT6iS,MEX,BOG
9YnX07P80QCPJbHR,MEX,BOG
TlaFN86wpeRBR8zb,MEX,BOG
DCVakq4a7OzPguUe,MEX,BOG
FFZd68uPnEm4zMWa,MEX,BOG
RLUqabXt2KkGYbuw,MEX,BOG
e6drO47fHPQ1cckQ,MEX,BOG
zKOBTiXhTLnrIIUI,MEX,BOG
azxqQwhBZbi6QygA,MEX,BOG
7NRyqndv0lUzglcV,MEX,BOG
HgHm4ZiDMuYJaBKv,MEX,BOG
lvmI2saX5GQPnbxJ,MEX,BOG
Z7LJfdAlffuW9K1v,MEX,BOG
BlPvtGa71gupYkET,MEX,BOG
dMAB0SgKKKGVK62H,MEX,BOG
5bvDuCZcOgua3L3m,MEX,MIA
JDSdBqLzxQANJlEi,MEX,MIA
PCIMVZhDioEWIOat,MEX,MIA
ussTxHMlLUe1HNQ0,MEX,LAX
oQJAP7eM8EBdDqZw,MEX,LAX
fVxAchviH9l0OnmH,MEX,JFK
oVivtZHhU24cWXh8,MEX,TAM
Ak11Xpge4FKe1xuX,MEX,TAM
WQhqfU4NXLnZ0JCf,MEX,TAM
OEPGiryYlo8ZwVwT,MEX,TAM
PVqW6joCiZCCQ57P,MEX,TAM
Q2TPsSwEBGo7iWgM,MEX,TAM
o4geVegXx2DXrNgU,MEX,TAM
rYOMeDKEPoutJQp2,MEX,TAM
AVWfoAa2RzPnBO9l,MEX,TAM
tNWSnFvH9L2W1MO4,MEX,TAM
GN7jbQi7K673Gohi,MEX,TAM
U2dLAZEs5ZPGiTcv,MEX,TAM
NqcLQ9e5msAe63tC,MEX,TAM
XhVZjREgzu2sGt9A,MEX,TAM
kr7h9VvOEu71E4re,MEX,TAM
gVly8y6EyySI5NnL,MEX,TAM
c5IcnorhGQEkeNWB,MEX,TAM
SkMh31fHZYBIT1Ph,MEX,TAM
lWPOrTReKZnJKrwm,MEX,TAM
0tEpHhVn2BhLwjVv,TAM,MEX
wDTWEYcEdnaQqTwl,TAM,MEX
SoY2QipX3wWxgoZ0,TAM,MEX
ZjpYHbtHCDNMUPDO,TAM,MEX
6dzDAvCjRAkR0TP0,TAM,MEX
TfTuXbaPz7O9gIcI,TAM,MEX
vWjLaXFPC4bP41w9,TAM,MEX
olDV797gUSigpJrA,TAM,MEX
tKmghDsXQAHPSTpa,TAM,MEX
bl34iEO0jAvnhvtq,TAM,MEX
lvfjmrMpui7vvZEZ,TAM,MEX
NwiF7kHOIqkASb7B,MEX,TRC
aevnPqPSjRnQbspG,MEX,PXM
wNd0a8cFXt6HLYqr,MEX,PXM
7X9lCgt2MC458Vcg,PXM,MEX
XursMQIXgTfqLRhs,PXM,MEX
6fhM5oRLBAr9F6yc,MEX,CUN
ufWZKFFZqAf7Vl0G,CUN,MEX
eNicIJ82w00h49fK,CUN,MEX
JnhMyPIGSJMjpawv,CUN,MEX
NqDiyutwpNia56lT,CUN,MEX
bDU0cqBcr1ytRhaB,CUN,MEX
Fbe8ZPr3py8ZA4JP,CUN,MEX
MJwJoAU6Ut8y2xYg,CUN,MEX
8wydkNiK3BH4cPOp,CUN,MEX
qG81xN0kbGmqEOZq,CUN,MEX
Jx90UvoT5T2VgqhB,CUN,MEX
fhMHHTcWtJvl5wU3,CUN,MEX
nteXYiRL2uGTpi27,CUN,MEX
abO6k5dRqMnDGvdy,ACA,MEX
6WNedgkyQEvib5B8,MEX,ACA
UACvBInp9UcMvhaC,ZIH,MEX
JEQilZKH2XPLuWXo,ZIH,MEX
RqoKdPNndPQ0r6n8,ZIH,MEX
mwhM5g2EElM9LuqH,ZIH,MEX
ObZvenpdwGx7u2Lw,ZIH,MEX
PYDSUEYHTbhNK0yp,MEX,PVR
SAzVsktH1ycZguYJ,MEX,PVR
QHJMXwum7OvX4CJM,MEX,PVR
6na6j7jP1ncrvZY9,MEX,PVR
iEGpYNH1KIVhkELC,MEX,PVR
E71rFpGVe9Sybjs9,MEX,PVR
LFjCV8S68d0bKtN7,MEX,MZT
zKueFrTZLCog3Jp6,MEX,GUA
LEX4K1R9aiI2TEDK,TLC,MTY
KFNspJvwliQZguJd,MTY,TLC
QsjCbUyq1S9YM7oS,AGU,MTY
WqNA2r4egEPob5sL,AGU,MTY
NUyt0HTz7wCahi8Z,CUN,MEX
AjAIgt0mqvBwTA0H,MEX,LIM
Mf8dAxkemo2mT8WM,MEX,LIM
F3rHbRZ6lqY9BnNY,MEX,LIM
H4qnNyrdUaTyjKSu,MEX,LIM
i2sxzL8ypNUlr403,CUN,BOG
apj2snuIucRpvaXV,CUN,BOG
0OXPm3K5fOJbaqnu,CUN,BOG
Gp53zlVXeveb8DZT,CUN,MID
TQW2qhtJOlx9Asl8,MID,VER
GrUXkoVF4cGoByZf,MID,VER
G8IOwIrXR0RzQ1WK,MID,VSA
2nVcvwwXRlbv1UZy,VSA,MID
X5dCYLVyOfHXBWBq,VSA,MID
EFKDyy7wnLD1JXlr,VSA,MID
J7Ih3uGVdwVkngfY,VER,MID
2jrWsUze78m1ob4f,VER,MID
RMcpfwOu2qrYeFMl,CUN,BZE
NtJnUFV7aBvcgtux,CUN,BZE
1baANucUtQ9vMRid,MEX,MIA
MwtEZII7w5Fe5bxj,MEX,MIA
dGudOLijxsUxLcRo,MEX,MIA
aUlegYRkaBPtsvwx,MEX,MIA
Qt9Y9NnHyEo0wxGz,MEX,MIA
z5AHKw4x3FynmZKR,MEX,MIA
79vYcm4idgYb94BM,MEX,MIA
vfyNTaHxZqy4kaf9,MEX,MIA
8iGgWDHJxIFQfjDz,MEX,MIA
U135jNPczw2mNXyG,MEX,MIA
XEuQc63y8L9yCXjp,MEX,MIA
8ZPiJ7aQAciRwCkY,MEX,MIA
8yCev2ouVV5StWoQ,MEX,MIA
Ayk8wXOZiR5IxIev,MEX,MIA
CEcdhagKwYNTeC5e,MEX,MIA
xptWHmXOiNt8eLo3,MEX,MIA
NgErrFJ9DrgYbjuY,MEX,MIA
sxDsm5iV9v8s72vv,MEX,MIA
tOpjfDQE3LpB9aw5,MEX,MIA
3sGnYIlYwsIw7Eh4,MEX,MIA
im8GoPJNsi71Pc9R,MEX,MIA
88xq73GWjwfxggXj,MEX,MIA
0mGkfdDQLEbdH1DD,MEX,MIA
Czwycji3nS1HifXo,MEX,MIA
SUKieXX5hZBdmTV6,MEX,MIA
oyjjIxayW8d3UEC4,MEX,MIA
cxzJF5fBAyBsXwpb,MEX,MIA
rsHjVm0oVfLWbvMr,MEX,MIA
GFdy8Xxsz5R755OU,MEX,MIA
zkDgxowAGPW5fqlJ,MEX,MIA
0YL4Qhb7JNbk0JZO,GDL,DFW
EnVfjoZFqb84VdoF,GDL,DFW
bOoZv7H9BYdvGWlv,GDL,DFW
A7vEzLsolPZRL7ih,GDL,DFW
r6RuLLOVJJGkV1wV,GDL,DFW
UAzgJjsoVfo7ba4m,GDL,DFW
ATzvf7zBy3maTWOb,GDL,DFW
pQcn8JMhuhqasMwm,GDL,DFW
RWmunuUxeJDPcDkI,GDL,DFW
Gxi3G6IDb9GRdS6s,GDL,DFW
sb3rLRzTeL9B9qmR,GDL,DFW
MezEkvDY3nSbN3vF,GDL,DFW
IAtHmPjgiZXAxn7u,GDL,DFW
vPQ9Mf72yslGGJf1,GDL,DFW
J3huFgP8I9epeKnB,GDL,DFW
34AnxU1WLBWSdPvg,GDL,DFW
ISTDtgfM2Ou0bk6t,GDL,DFW
nu0NFLaToQoPDLJi,GDL,DFW
KHk8YEBj2E2QiAEt,GDL,DFW
6MoDO1a9UrYJd83O,GDL,DFW
JAdBiQv7XDvdvMga,GDL,DFW
rAWBtD8VE6lzQCHr,GDL,DFW
rPQaDwea2xupdy4k,GDL,DFW
QJsvZBKdN5L7GgqY,GDL,DFW
PhrHimHIB8NEJpuu,GDL,DFW
YAnjrQ5g9cmq43eP,GDL,DFW
V1brI4qv2QC2dsbi,GDL,DFW
f7mNQAQWR33mM9fB,GDL,DFW
MajnWEMoBGk6GYTP,GDL,DFW
IFhoRc6SQglFv6c9,GDL,DFW
sX36R064WQFAdUV1,GDL,DFW
9w7vFdqDp3HtHdEz,MEX,DFW
yMnvkcF36NsX3rbk,MEX,DFW
xLoLIqvneeBX5Wg4,MEX,DFW
qxLlFG8SbQu8eKyr,MEX,DFW
hT4o2CMCwPdIwYA7,MEX,DFW
AHmROpKM3vJX4YXW,MEX,DFW
LLKd5NMgUgqWv1Ck,MEX,DFW
0a9Fz970ynZEPfnU,MEX,DFW
nOaxXJC5FQVtcr0R,MEX,DFW
joxAoeBRY6PzEY4Q,MEX,DFW
0C24LHnjsdeGG7qm,MEX,DFW
Na3VupFzuEELues7,MEX,DFW
zRbCdwlUO4kHQHPk,MEX,DFW
mvi8H6CYyfuvAWk0,MEX,DFW
p0ERIiRirNS5TsGH,MEX,DFW
5VID1LEvCKAyksYT,MEX,DFW
FlrSSCGqiPlbnwy8,MEX,DFW
qF85OR71mZXNDfeS,MEX,DFW
pTxnIMDJUeWv8w85,MEX,DFW
e4mgArGn3bSaGFcA,MEX,DFW
6bvW99rbSLOHaccb,MEX,DFW
Xd0f7tyLpZJy00fv,MEX,DFW
Gdyj9XAzEhRVXOc3,MEX,DFW
16giNwr31df0ePc7,CUN,DFW
fjjXIQGyiDm3gWuo,CUN,DFW
GAC23YQBj3ROSYvl,CUN,DFW
1CFVFxVOAXrc0Mya,CUN,DFW
uDM37ObrbhLPRRro,CUN,DFW
odxfX2v9GUfbBixm,CUN,DFW
b8ZDjEbIGYTddKWu,CUN,DFW
b2nzdpGeYqJlHjJb,CUN,DFW
q1iSL7kOFMvkDInm,CUN,DFW
eBodBBAytxPgto2Q,CUN,DFW
ytu13NZq2lhbg1jP,CUN,DFW
9I0KMWdUrC4n8dtZ,CUN,DFW
EU3Fc2HEudldL1GV,CUN,DFW
6YLwysrbn9NAivbZ,CUN,DFW
MfE9ER6B7roaclSM,CUN,MIA
w0AIkpTJCf44h14p,CUN,MIA
bgpyGcth9BuPTawl,CUN,MIA
HzCLCqo1GHib7Sut,CUN,MIA
X1mI89nl5CiCmEFf,CUN,MIA
hlYPs8u0pV2Cn3dU,CUN,MIA
NOL5xIDs9Nsk7KNC,CUN,MIA
IlYNBMgSqOM8WDDV,CUN,MIA
PBvtfVMUVhrpFJyi,CUN,MIA
3yJyRo0g4pySWWhY,CUN,MIA
2ojqwoIqKd2TquHW,CUN,MIA
xqC1bAHVBwCUmAme,CUN,MIA
4LpJzY92n7KmV06D,CUN,MIA
lXGkT67OTJJT73sn,CUN,MIA
qO7GGH98CNSyOIP7,CUN,MIA
NWeh1QsXzMp9qXRv,CUN,MIA
xuaREvRDmHeRFRaD,CUN,MIA
JVIkCwbE8RYhuOUI,CUN,MIA
eV2VxRSZxrnBYaxM,CUN,MIA
hefC0ec33jI41kLl,CUN,MIA
tK70aLPLQsJCa8he,CUN,MIA
uSu83ruiyrbLT4Lo,CUN,MIA
CVncC8o0B8Aln9by,CUN,MIA
wpT9fzgnDJuypUjO,CUN,MIA
h66S8Kbmb1HYsAo4,CUN,MIA
QETbIiHdj3SRjyjS,CUN,MIA
TUEnGGLZWBYr1cgv,CUN,MIA
j7ed9ZGL0O6JWZpX,CUN,MIA
XP31aXWeRbBBbWO7,CUN,MIA
bnSoYeOIyUoJDy4v,CUN,MIA
oErB5410H1V3xZlz,PVR,DFW
zzokPteXbkYhxkBn,PVR,DFW
Gh0MUJYTdeFjWEyp,CZM,DFW
m9okzFgQbRMsFOH3,CZM,DFW
z7DG1UjffQqBx2M7,CZM,DFW
ft4s54YG4Cl6AxO2,CUN,MIA
rRnp0vtok3DBPnsI,CUN,MIA
0so12U2smfyxp0VU,CUN,MIA
LGXqjL1tqPUi1Nx2,CUN,MIA
8OfAKsB4gR8kP7QF,CUN,MIA
5H5oRR2gNFLCIcQd,CUN,MIA
DUkAvuufT6gcm9z2,CUN,MIA
k3LZMjKnWDnVjyGF,CUN,MIA
AsbfRcyOuMHmt6ge,CUN,MIA
hcyTLPhp2BSYT40t,CUN,MIA
dF0y3GNHaZ0NWY1g,CUN,MIA
vJXXjR2aCdO7t8zu,CUN,MIA
OG9C8ewj0Yz1HmR1,CUN,MIA
4ntP19aE3MDB5kMx,CUN,MIA
IJK7cNi2Gwp9hcd2,CUN,MIA
Cdn2O9v1HRLYYmtk,CUN,MIA
NFqNvBuZb7LObUIP,CUN,MIA
ls2FMLfb7Bu3K2Kb,CUN,MIA
YlhHcef1A1zGLbFz,CUN,MIA
0B59GFmAR75RGKLe,CUN,MIA
Ypy9VPni3nSN0uIK,CUN,MIA
7YTuXT3GlhaQz6yF,CUN,MIA
a8YEq3VYDjZDOggK,CUN,MIA
l2nc5wsSiTxf1qJv,CUN,MIA
hRy0adFZOYiaYcWo,CUN,MIA
FyJJtOO35ztIj7ld,CUN,MIA
tx7p4XlChZWKIql7,CUN,MIA
sBuhhcozdxYg7wyC,PVR,DFW
4nyBRSlGkOA9F47x,PVR,DFW
jeU2FaYb4LmKWdcm,CUN,JFK
238OxHnrVL7cZ7pc,CUN,DFW
G2XzN3dghBOrMh0H,GDL,DFW
bPey7ajLvnPFszpj,MEX,DFW
vPTYpT47VaIAbf43,MEX,DFW
MnNTmiHDTDteluku,MEX,DFW
d9A4594Ga5FCSWIZ,MEX,DFW
MzaaNQfReWZ87PEp,MEX,DFW
zyJHx8UMoSf97VJw,MEX,DFW
AHVhpcFz4OLEAw15,MEX,DFW
ZxYR14F8xYGKR191,MEX,DFW
72LxzTv8cQtonGPl,MEX,DFW
uAKiZK7oVcUnb5XS,MEX,DFW
hnnoJ9DLfawgSlMd,MEX,DFW
BN6o2k6Ps747GEba,MEX,DFW
UsOuEpBNeNeyQVJF,MEX,DFW
vhR2LCtEIujjJoW7,MEX,DFW
8uKE5N63ldqM700Y,MEX,DFW
aYnfIwVEISligqK4,MEX,DFW
WzY8NRIg2G2Yj0Ix,MEX,DFW
WdrNSS9wbuS7qHEb,MEX,DFW
B3jkNLj5KTQmtq2r,MEX,MIA
FbIE2UN8wRqDDmwg,MEX,MIA
r5OzTbFKz8JhuHTW,MEX,MIA
qUlhBZhWYifSgiDW,MEX,MIA
AbDZ9hNa1o2XAnc1,MEX,MIA
egjkyD9bXGJdrN9X,MEX,MIA
KdJ9jhBbn92uQFV0,MEX,MIA
W5F02hvAROuUI4ve,MEX,MIA
3uVGENg0i1M26HxX,MEX,MIA
Yb9in05y3NvtEJ70,MEX,MIA
LCSHN1oE5RfG2EM4,MEX,MIA
laJS7UTgDmCa6AHU,MEX,MIA
xEpld3y8NGK4i3hf,MEX,MIA
wcA6TTlsf7ceW1vP,MEX,MIA
DkGYD2LF2PME2x0U,MEX,MIA
qthkecmyavrpLZbI,MEX,MIA
e5bzLbid0w4lsBCi,MEX,MIA
t3jnhagtKFKApGn9,MEX,MIA
DEa59OSgkM3ysjdR,MEX,MIA
TURG6wMPzTOA1Hs0,MEX,MIA
j0bLxgP5qhvJnOat,MEX,MIA
q4pWEq5zkmi5eYf5,MEX,MIA
UPBdY0HIfC0s79VQ,MEX,MIA
cbT2RQGd7pJFSwun,MEX,MIA
hkOyR3dYKQModL9R,MEX,MIA
NrAim0HWOYcTS6CM,MEX,MIA
AewaKNUIlFcb2ng1,MEX,MIA
i4MjriCJSdLCYjIj,MEX,MIA
c0P6QWTwmnJ3KQgL,MEX,MIA
1jM1dklzUBTxSfan,MEX,MIA
Dvp0hk4tBR5dBvy3,MEX,MIA
usAxYEhjZfVCJl5b,MEX,MIA
z1eE3Y5HsxOCtovH,MEX,MIA
qxjPWvuyQtxOZ6mN,MEX,MIA
TeAMiUHn800qwAp9,MEX,MIA
goruYrr0NAV4lYBU,MEX,MIA
KNiNtXKYbboRIQfg,MEX,MIA
THlEVeiSqaWSix01,MEX,MIA
LWsblSbiDzYOoxnF,MEX,MIA
nt9i95EbGBYaboV1,MEX,MIA
gUjIoiwNqsVdUOvW,MEX,MIA
3CCHKduLSIpmMZ8I,MEX,MIA
csXq8pzY3xRhsoqI,MEX,MIA
gzoZ8Pi3pxJt3R1n,MEX,MIA
MEedvQT6jGsGOyyZ,MEX,MIA
ila506UcVvVrnhCB,MEX,MIA
3FPq6NlBgORl5A01,MEX,MIA
SC1bF0e6ueE6KcpH,MEX,MIA
3X5andCfJ7FhaASU,MEX,MIA
auPDkzolPsQcN13r,MEX,MIA
QRpYOHB7ebwJcCfy,MEX,MIA
5f7GR54534Qu1Ufs,MEX,MIA
ZDuv4ZdvffXdal5Y,MEX,MIA
VvGtlmlCm43rP974,MEX,MIA
k3jv3A5JVlc3wGpj,MEX,MIA
uZANCUqmKM28KffP,MEX,MIA
OcFnjw3AtQqZYLZb,MEX,MIA
w9QW269PbKWO147g,MEX,MIA
S9dpzXkTZwBoLLrl,MEX,MIA
XWFT9lJnNSUSD28d,MEX,MIA
7Z2NUfVk5piATsEM,MEX,MIA
iwjFnshVix0QK7c6,MEX,MIA
pBSslh9WmJYVEHUW,MEX,MIA
ZlLcumophDfvFlRJ,MEX,MIA
jELxBtcEeVqUc0mR,MEX,MIA
h4pR8m9gGcKXRVZ7,MEX,MIA
qsrRVvecUghjdFpm,MEX,MIA
SQOxvNZIg3h1w6xx,MEX,MIA
Qd9wwZxEuW1sgYmu,MEX,MIA
4AXuYz2uNCtNRFBs,MEX,MIA
uCb3eQZqfNboLVmR,MEX,MIA
5DiKNE7bpWcYWmlf,MEX,MIA
s9IKMFfARqsd6rJc,MEX,MIA
JolzeCQNq0IDhauM,MEX,MIA
r55GD3ptSuNjrApC,MEX,MIA
bZgJPjT0DS9jyjzE,MEX,MIA
4Gb50KOtcgYY3BzQ,MEX,MIA
ZFVI90iTjrXZeHTz,MEX,MIA
mYRyvLKZ96y5fDp2,MEX,MIA
TgluOCh8EiQUxiU0,MEX,MIA
iJiPvDe1pYtYomkI,MEX,MIA
vJxw1UqzT75hK5WE,MEX,MIA
ml44ozAbo3zJKkr2,MEX,MIA
QmherspdjbMvsOqy,MEX,MIA
rKWd5lSKVFuWeiPK,MEX,MIA
Y0jfQIDxx509gKnC,MEX,MIA
D8KQmKQUqiLUB9jT,MEX,MIA
swUGfWt28BuLPY85,MEX,MIA
aulmDb5uM31s2fz1,MEX,MIA
RtDhy1y5bDas7s9E,MEX,MIA
W8e7WviOAnrG6Ldx,MEX,MIA
Z3UYbFtoEcXOcucW,MEX,MIA
nFTEGapi6fJfcO7P,MEX,MIA
YAUiaCCqSq5W2jfb,MEX,MIA
g0o5S7avaviTGNVT,MEX,MIA
HH7Qii1zlHPGnukt,MEX,MIA
7Zxt9UQSpuU5lBbv,MEX,MIA
GFFuUZMx77DXaMss,MEX,MIA
m1Nrmm48LQIqforL,MEX,MIA
9LCdMY7q1BGEgY8C,MEX,MIA
3FI635lsfvdMUIZO,MEX,MIA
ovuqVyTOLIpiSXNO,CUN,ORD
3EOow65VKC7yCSl1,CUN,ORD
KUqgzPwnjdr0uaTH,MEX,DFW
DcjzG7Pz05SVo4E5,MEX,DFW
RzaLKWfhzCtCdmQH,MEX,DFW
eldkfF8tpXyhichV,MEX,DFW
wOFNJ2EMJmX7XAfa,MEX,DFW
P3A2qy9mmyqoc46x,MEX,DFW
bbE1wTjYi2uS0f80,MEX,DFW
t4Xlh4ELpoSDrkci,MEX,DFW
riSJaXbQRKfNrC74,MEX,DFW
o7rR2GSYJ46V9Ro9,CUN,MIA
o5yQ6arOHM9iRKWl,CUN,MIA
HCot72e0CG4HokcF,CUN,MIA
xHoISwgAlJCFLwKf,CUN,MIA
N7MWhHdVPsR1q7Ax,CUN,MIA
Hd0oVjpQoCeHWGji,CUN,MIA
N71rUq9p6ymn1pBW,CUN,MIA
iM359ScPnnEHjJCL,CUN,MIA
yRpZGDWFNSGov7oV,CUN,MIA
O9muwcLwqFx1cLWo,CUN,MIA
s1KejFIXM21V8LfB,CUN,MIA
TFxYL9SL0t0FWWOg,CUN,MIA
iUgoHAFiU3CKIsOv,CUN,MIA
zmtsynYHQeccqHvD,CUN,MIA
wqXM5KLaIyj8OKh5,CUN,MIA
EkMyFe2x91Ytcg1j,CUN,MIA
OuqmcEgwY8oRc7um,CUN,MIA
etyr7JHP9Od8FxVU,CUN,MIA
XzCanXp55Ca9nB0V,CUN,MIA
0Wuul6fIJuMWKtLe,CUN,MIA
S4EPJBpMdbzp49pf,CUN,MIA
r0Q4DKUg2C4GSKyC,CUN,MIA
sbQY5OYHHtlu9w1g,CUN,MIA
WjeNSCmlAOVCzyTw,CUN,MIA
hXzTPniJfb6QCiN3,CUN,MIA
CD9EmKNHS4vWNuXe,CUN,MIA
4t4arTYZgD7o9Dfa,CUN,MIA
eQLZnUr1t5Z2TwhP,CUN,MIA
tlHVESv0DtDFATYG,CUN,MIA
TJpEBWuufjIBGNAV,CUN,MIA
zLvZzFmrtwLTqs7B,CUN,MIA
nk0gtKtNqEzPXzJp,CUN,MIA
V96eGIapnHDnhMra,CUN,MIA
yHSNzOUH2nR5vm4p,CUN,MIA
3pWPOWuIGCP3Wj3r,CUN,MIA
sqA7KPTjmp68KSJ2,CUN,MIA
PH4gpwDzv6t1pj6F,CUN,MIA
Ildcb55fvN004GxN,CUN,MIA
SOk4JV6qko60HOyu,CUN,MIA
7ZmEjXpLKBPxuypc,CUN,MIA
MX5BDicfxuEeMsME,CUN,MIA
ZxxduRJZgysCgNv9,CUN,MIA
SQI6LXjC91QNvIZc,CUN,MIA
4k8PgZunuYXEZ19z,CUN,MIA
sjaQfk0wFtbIRmSf,CUN,MIA
4NdD9gprpv8wP6BB,CUN,MIA
7gcnciq7eFu9yQc1,CUN,MIA
oltGejPHoZcoj92t,CUN,MIA
unDwDEhIVA9evgV6,CUN,MIA
dwJOAl64B2EhAyn5,CUN,MIA
F5kU87PGWZamZSTE,CUN,MIA
9uNDgKerCwVs0xR3,CUN,MIA
vXcrZcviAH3sJj7K,CUN,MIA
TSy9k5fq19EgRglt,CUN,MIA
N6t3zLQ2grt89D5o,CUN,MIA
bBc1y60dOSmn3O59,CUN,MIA
NQveEfRpi2ITJShS,CUN,MIA
7vdXTBMCQEjacOqN,CUN,MIA
WA4QQEQjPXUVXSem,CUN,MIA
m5ZUUJ3VYtOhtj9D,CUN,MIA
pp2wH6jRNeVrxi1e,CUN,MIA
TLfEEklURQ0gaiuY,CUN,MIA
sDwFZl5s0QtQ38kh,CUN,MIA
t2u7mtR194PdbMeb,CUN,MIA
oVFhWZEZHN8cWHDS,CUN,MIA
2TywY8KkPjYVCXbd,CUN,MIA
86c4OA08VtJnUDOZ,CUN,MIA
vrXaKMu7m55t9sVZ,CUN,MIA
AXZYibHoTneGzHFN,CUN,MIA
ZldYRs8OW2VKICDX,CUN,MIA
wPIVTxSt8Mgq3Bdf,CUN,MIA
FZQ1HoJz9ecLhwwV,CUN,MIA
wVdtnefvKhWlGNlE,CUN,DFW
n5Jbb9NqfXC1XxFa,CUN,DFW
rYh1eDkMsY4eIExC,CUN,DFW
aYMkd5rdCI4Gol5T,CUN,DFW
rpH0jyb2XGf9pe1i,CUN,DFW
cL0O0IaIOpD9BfY9,CUN,DFW
BzDM74zx3vFBRxLf,CUN,DFW
FbJj2gIdjp9o6tEc,MEX,DFW
OeMkP8Fj11Lxl1oF,MEX,DFW
DRUlyBafgj4t6BHb,MEX,DFW
LJmRAauyy4vmKoUq,MEX,DFW
OjEt2jg3OQ8WxCWb,MEX,DFW
hHPiLnilajsGM6Bf,MEX,DFW
Txlwnoksr3wkUu8r,MEX,DFW
hORh8YA2Fp2lUWy3,MEX,DFW
XUNUHEmrVqU2sm2B,MEX,DFW
3VTZlCd5AQBQmP4l,CUN,MIA
wSqE1wpQB0hdUbH1,CUN,MIA
cpn99u7KdUAJ7VtO,CUN,MIA
QdyHLFqCLIgrFkpt,CUN,MIA
EtrdO2TULgLQcoYD,CUN,MIA
xjIBCS7UmeQkj418,MEX,LAX
i7j5auKzMWj7AWrt,MEX,LAX
Ch8goZFGTXTU9S5g,MEX,LAX
oUXaEi7zwBZH31dj,MEX,LAX
UmypdUfk8rM5SfAC,MEX,LAX
5wVYf2akWZdVmu59,MEX,LAX
5F8KSKT701lVLBZg,MEX,LAX
HfPUKU4FuQ0N9cu3,MEX,LAX
QrLxlgEfVJKfohKv,MEX,LAX
nRZ5SCpYP0kgIMRj,MEX,LAX
hov2Vtpgj9w8nOa6,MEX,MIA
w6tvwadJe2kyLrq0,MEX,MIA
cNqkZ3zLnmKKCZv6,MEX,MIA
8AHrBIyOlC0gqlQu,MEX,MIA
BuvsclovTrydXZPf,MEX,MIA
rRRO98AM9fPWLi8s,MEX,MIA
I8KFMIdUSVmRLUx5,MEX,MIA
T04laEkksVOIhOEY,MEX,MIA
8cZhFL0p7gFLojVH,MEX,MIA
Cnc1V4PO7AV8ALgH,MEX,MIA
ALRyvey0X9ZUdr9x,MEX,MIA
cHcZc7qbKJHKOPpk,MEX,MIA
ZV5zxFrYV6ZkjyKX,MEX,MIA
ibsJa3m23ZTyt3fE,MEX,MIA
dqZFfAqIIjRGYPlw,MEX,MIA
w8om3omyDjfZHHib,MEX,MIA
0SAPdp0I80W073ls,MEX,MIA
g9DRYJWgsR3x4wPs,MEX,MIA
B4DFtlHzfdfJaedn,MEX,MIA
GXvAv0oG9j8l7pxN,MEX,MIA
AH1LgPJ48mm9BC9m,MEX,MIA
YiopLmS6Q9dV053D,MEX,MIA
NEPCFHnwE1tUd6qX,MEX,MIA
JhSl4SPmEwZ1bA5n,MEX,MIA
wzR1ElAsyK4czLDg,MEX,MIA
1sWRW6Sx1AS1Y6OQ,MEX,MIA
WOg7uAR95uCuWdAP,MEX,MIA
5MpiptD5YRNERdNX,MEX,MIA
7H8kapiOw130zeRb,MEX,MIA
zP35ZbjugSKAzHMA,MEX,MIA
8ujxLT9e6nYUnjx6,MEX,MIA
LD35oxcCIgtXDM1D,MEX,MIA
SSWUWIm09pXoklDR,MEX,MIA
sXRdSMhR5tMRwAIa,MEX,MIA
UrncQaxocGHXEO1V,MEX,MIA
QKM2Jw2Bn1b6fvvb,MEX,MIA
U7RT7UglAZdE63mK,MEX,MIA
vc1s0oGf4quPpWiE,MEX,MIA
brL2NhH7U7CseVzB,MEX,MIA
bx8bc8eoM5FMbjQ9,MEX,MIA
qvnjvOwklmqn2tvf,MEX,MIA
i7Xg8WBAX7YHoyRJ,MEX,MIA
iTmJvmZdyGPsLNUF,MEX,MIA
wvCpiKigpR8exl77,MEX,MIA
MgnVyQ9pSybPhQeI,MEX,MIA
PYIB8Hg6ZUAuD9U6,MEX,MIA
jk7J37FRtKmdY26m,MEX,MIA
IkBFnXJzR83GwBjf,MEX,MIA
gQuAWiYQEOhaFyLN,MEX,MIA
rDGd935SWxgPi2RO,MEX,MIA
HjZq530zbQi70tkI,MEX,MIA
aLkuRvjMbAb1oVE1,GDL,DFW
NWgbq7GNEIjaV8ix,CUN,DFW
JcIBBYAB9DwLG9hj,CUN,DFW
5Gvx22dyRWun1ThZ,CUN,DFW
KRcwqhqj0UrIRMIo,CUN,DFW
RVwDbua7iivIK4Ml,CUN,DFW
bBLtApmycTahYziK,HMO,PHX
db8darbx1ecqZhXy,MTY,DFW
9ZrzpCmwoINuqPsu,MTY,DFW
xIzYTmNC0CVLDH9a,CUU,DFW
apeIADNVZWH6XATR,TRC,DFW
gmYM4LxHksSi2VOG,MTY,DFW
ZOcijXC7QRII2tZc,MTY,DFW
jSBB6ZQRmORWoVIC,MTY,DFW
MZrg5DGaEc1eVs1c,MTY,DFW
uOESdpi1axeX77jM,MTY,DFW
mwALJCVhNB3Uklp6,MTY,DFW
hWoqRjRAIUcvCNEq,MTY,DFW
DQBTgth2EnNl9XO2,MTY,DFW
baPGrobILAGG88ge,MTY,DFW
yZvAs4aBnd1I65Lp,MTY,DFW
UBLz3spAJACLeRiW,MTY,DFW
YcOUPMBXumGcgwc1,MTY,DFW
GnlY7rVuZIW58R3S,MTY,DFW
BkPOjIE09EJJWHfP,MTY,DFW
xAQGM4M2X7hIU9GP,MTY,DFW
XCb3NSCiZESQ6dyn,MTY,DFW
IsIv5BAEstWPpNib,MTY,DFW
GD1IKGpvXg9oTKKl,MTY,DFW
ziqW9HAktvq40dfw,MTY,DFW
rnjcG5TLHswkmqSL,MTY,DFW
8Kp2HwXKgwJ7lizT,MTY,DFW
YlkmFyf3NiqlZpmq,MTY,DFW
Sd2708Czq2Q2SxCh,MTY,DFW
Prau8RJf8QtgOGoR,MTY,DFW
ifudPzKIv4lADhdF,MTY,DFW
xBiRrwLeaQnwt9Vl,MTY,DFW
oyHFxrKuyHpd9E1Q,MTY,DFW
IbkLaMFjsUlF5W08,MTY,DFW
nYMnsvbA2g1fguXc,MTY,DFW
db4u7Z97G4wU1A6A,MTY,DFW
4mGjbPqCs1lQnhEU,MTY,DFW
TG54Ua6HG0zcnmXQ,MTY,DFW
a7ZE6cpSMCqdYmn2,MTY,DFW
oEE3TgTAU3S09lke,MTY,DFW
gR0HzRxft6uWlX4x,MTY,DFW
UYDVmrViqKgwcicu,MTY,DFW
8GDpjpwxp4YccoAB,MTY,DFW
lv1ePgFRc6gZdg5l,MTY,DFW
2rJ1dOsgDN6jBDCS,MTY,DFW
vxiYr0YTLSEmnWVx,QRO,DFW
OQS9AWo2NSys0tQq,QRO,DFW
UtvtHyRP8uNcSdzg,QRO,DFW
hm7Tuwd8qVJG5C08,QRO,DFW
TqoP1PwbN5BOAu4p,QRO,DFW
Tev8ahVtL7X1UIXd,QRO,DFW
2uraKN60FWeJUKaL,QRO,DFW
8c88hRWr4WnLKU3Y,QRO,DFW
ES4o2E4Amp6iA48b,QRO,DFW
DZjHgvbrS38Mec4G,QRO,DFW
vHC2RHD9lSHiiOQX,PVR,DFW
HMnucNDDwgYY967p,QRO,DFW
p5LmoBCj3lwQCIqX,QRO,DFW
az0BYAwGprZbqqkS,QRO,DFW
BiYCaLF7fjDUA3HU,QRO,DFW
22a6U2sopZsN3rGL,QRO,DFW
Hra70LUoIMx50vyS,QRO,DFW
3vZYG8AwGP4xKK24,QRO,DFW
tOYITzW9MejGuPt4,QRO,DFW
qkaKB5HrDvNVIxRT,QRO,DFW
HyP1knlPAW6ZydK9,QRO,DFW
MTHAsqM77NxYgujk,AGU,DFW
piSKdaOBiDqbR6u2,AGU,DFW
la3PAcRNm7kHGxAe,AGU,DFW
BpPmIhgyPo6USGKu,AGU,DFW
hCG4UmQDNXPQEPbn,AGU,DFW
sbjfs6l7XoRstqIJ,AGU,DFW
IAJeS21mIpCV9XGD,AGU,DFW
JW7ya6W6xpQPGDhn,AGU,DFW
aMFwel7IBfnQDDbv,AGU,DFW
D4F3hQ5CaF1Fk4Wh,AGU,DFW
9ZfucGHujzo9XxZx,AGU,DFW
v0Bke5Q9SXatgimT,AGU,DFW
FNwatvtBtx9g2PpV,AGU,DFW
8jbk9ysgs0qRuToi,MTY,DFW
XpQZCuLJdGxiRCAk,MTY,DFW
bImSIM0ATH181EKA,MTY,DFW
G6uEqyEA9tPGkekJ,BJX,DFW
UHrHoy26f8mrAXIe,BJX,DFW
gLhQIK1jSWn8k0m1,BJX,DFW
qjtZX4i4YY7bQlbe,MTY,DFW
pA3J9clX7ie0iOWL,MTY,DFW
EMrx3n4MTWmzlWx4,MTY,DFW
xtoL4qOP4BodFcpC,MTY,DFW
2xxPO2Z2l5VVmB0s,GDL,DFW
fliRKWV8pL3Gm0Pu,GDL,DFW
DEm28p3L1O7dFKEr,GDL,DFW
mvIhgQV1mRL4cg8e,GDL,DFW
fhSKc8YeQ8jYWiHO,GDL,DFW
vAbR1gcQTZFRZ0bK,GDL,DFW
qROeek2kNLrafBVy,GDL,DFW
RL4OWiX6b5Pw1WAH,GDL,DFW
BTUe3DTBXR1Cz9Mo,GDL,DFW
fXgXtJKlxpdCblHW,GDL,DFW
jC3ovRyB5kdQFYsM,GDL,DFW
wdZoET6DqxUQxlHr,GDL,DFW
gRbOPnZCltxX01EP,GDL,DFW
b0zuWog7gAFxAZiu,GDL,DFW
R1Y67waye4jwLDV4,GDL,DFW
kTxrtzOMPLBHTcMo,GDL,DFW
ovfR7DBxq8wEHpld,GDL,DFW
X1nhEo8x14smyOaB,MEX,DFW
KY3TufBn8UDIBlnK,MEX,DFW
zbK8bAj1b8JTlNLd,MEX,DFW
WbxOxPOlnMuEK1t8,MEX,DFW
JCMBOMnRSu91GEci,MEX,DFW
vVb3TVerTkQxB953,MEX,DFW
LaLawDDZf9v9iUPL,MEX,DFW
d2mX8Db9JgQonnU4,MEX,DFW
UvV6qbj9liTYAxV8,MEX,DFW
8rfHTzyh3gU3kpl4,MEX,DFW
qiWyGNYs45NnBoO6,MEX,DFW
E7rnGkRJAgpmIJJ5,MEX,DFW
BxqLzh3XahYYs6Ne,MEX,DFW
4EW3I7P2WpbJSm7g,MEX,DFW
a0lkAmEzGyFxDXMj,MEX,DFW
UeTJnTFHtmJvDq7J,MEX,DFW
Vymvf9tI0qhfM9U5,MEX,DFW
Z8SOox5hIJjboAAS,MEX,DFW
hte1PhOM4kIcBqeg,MEX,DFW
huX31iLFECq4Kjh6,MEX,DFW
wXRIR5gQp9lkGJfv,MEX,DFW
PHMGOxjW9fsbPLlB,MEX,DFW
AeoiFZdmiatfgJz5,MEX,DFW
xJKuNa6kmXiMMHnC,MEX,DFW
HPCp2El9Y5HGQNO3,PBC,DFW
ziDRtda1bEsPZpXX,MTY,MIA
lAnq1cwEIReOtRx9,MTY,MIA
OxbmjXUjVVUf57uk,MTY,MIA
Rp8x8LLiKCwHBbMh,MEX,PHX
HKhgW9a10r1g8Htg,MID,MIA
Pzo19Fv8pTvr9T3p,MID,MIA
jvAz8whhWrucyyqB,MTY,MIA
LJPMNihXOTFe5KuB,MTY,MIA
iRml1EyWDjz9O3mJ,MTY,MIA
9Ax0dVMk0W4JW9Kt,MTY,MIA
eKVt6kMtlgMmZn4D,MTY,MIA
l0WTaCMCMudPTjDt,MTY,MIA
gO2HnNtkixtJViRe,MEX,PHL
FAvsCrRQEwHbOmne,MEX,PHL
saRvMaINcnOIa62R,MEX,PHL
v4vfAxdGESuSC2Pk,MEX,PHL
1KMjDvmxFdmjBGwU,MEX,PHL
dmmDfx0e1G0DTMOc,MEX,PHL
DYGJJk1DRBIsJm2W,MEX,PHL
It1Y5wfGVTJokcXE,MEX,PHL
VGQ5g4vABjEni8Wz,MEX,PHX
M0Q9tOGWttB3WKPN,MEX,PHX
1WGPbjtGym1Zn1P8,MEX,PHX
GlfWyxwo0YACNZ0s,MEX,PHX
eTtaIfKU3VyqUXl9,MEX,PHX
WzOWxlNtzuImbhXO,MEX,PHX
jp7NOUVabI3foS4K,MEX,MIA
3zNSBpdNf3id4H3V,MEX,MIA
LBB7i1iUgGmFNzDu,MEX,MIA
nyjMpN2wjzyad4PQ,MEX,MIA
FvTxokuDxsniUtBc,MEX,MIA
OfhEE6xh4y75IJXF,MEX,MIA
5FOVemacUCjMqMCM,MEX,MIA
R43LH6OyThUOgY7c,MEX,MIA
z6DokCwIjxV6iRQo,MEX,MIA
FyD0s0O6Glc5YhLS,MEX,MIA
gCWaZQBM5pXJeQRb,MEX,MIA
pLcrJnIgiHIFUHGM,MEX,MIA
QYjpW1u2h3w815je,SLP,DFW
lhFtRWfPJeOTMyI4,SLP,DFW
PEPngPP5yPAsjg5H,SLP,DFW
FBjPMMtbVorlbmKl,SLP,DFW
SGgL8RKXrPDPIvyB,SLP,DFW
q1FBt723KoQbgQkc,SLP,DFW
yCZbgqLrDbpeA7mk,SLP,DFW
QOguzAcaALgVzPTC,SLP,DFW
Tyy6dJHMiFFD8wke,SLP,DFW
lxGrxh3DYDij3yc2,SLP,DFW
XDQVWd0oYTdtB4Ms,SLP,DFW
AjqFdZO6PbK8HPYd,SLP,DFW
Yfm1s4yd3hCJem9C,SLP,DFW
nVMjZE8ezyy69AXE,SLP,DFW
T66I80lgTBOWkQQ5,SLP,DFW
qitGBivJAr3UrF8g,SLP,DFW
PgfYMi85ymNwx43g,GDL,DFW
PHbPa4ehUxBizT1p,GDL,PHX
GfbKHGzAQOHShsTK,MEX,LAX
Wsb3luR2oPcqh1Bt,MEX,LAX
AkkbqO2AYeyDiz2X,MEX,LAX
XEs4fPaS7nxarL5c,MEX,LAX
jp38TiMQmAKZfbgt,MEX,CLT
zqbBYOTIGSUwXrc9,MEX,CLT
FHwMuMgxVK3AlJ6B,MEX,CLT
Uckdw8U5sApLeUbV,MEX,CLT
h0VPOortKMWDXCvu,MEX,CLT
AyG5g20cRDXVR0iQ,MEX,CLT
6dlM0LaDNhkvcOqf,MEX,CLT
rqFXu3L8Bucon60R,MEX,CLT
vtQzQLAvHlakhsRr,MEX,CLT
UKhF1nqIB9w2NcWv,MEX,CLT
PKqNmfdw6oIKlMWA,MEX,CLT
Uuzyxe4a1TURonoM,MEX,CLT
5771HluBBVkyAGP3,MEX,CLT
DK6ePtaKW0qI0x84,MEX,CLT
sQcXCbHTN3GFgonD,MEX,CLT
yaW55EHHZ4DT3ZRa,MEX,CLT
ENdQa2FRvcpLIiw8,MEX,CLT
6xHvqSoCpELvjskZ,MEX,CLT
o2XjqruCujeCB4gS,MEX,CLT
UZYciiHP3P0hdmaH,MEX,CLT
PSutRgqVSKvXgEh9,CUN,CLT
pUxqYbmilXXAZBd7,CUN,CLT
Q3EPyb0EAVM3ZoJ9,MEX,YYZ
htSPupPTza4Xav7s,MEX,YYZ
iNZ9ItIbJcOFFFwC,MEX,YYZ
xMR2Xii6WTes3YM2,MEX,YYZ
1KtJ8tRppmmZPRHx,MEX,YYZ
N4Mdli4urGsdfez8,MEX,YYZ
oEHK2uv6VQRlJV8d,MEX,YYZ
8JYlOxFKZHE89ssY,MEX,YYZ
ZBv00C2r98uAQHNv,MEX,YYZ
hk1yrmUHJnrDQYDk,MEX,YYZ
r5tdqAJmtc089ECU,MEX,YYZ
1OEHym97I9d2tyr2,MEX,YYZ
QATWEqNKYKzDfuEO,MEX,YYZ
A6im7zr44fjqt3Gr,MEX,YYZ
Vs2eerZ12r7zo0ZG,MEX,YYZ
Gqk9Wp5iKfLLrRgX,MEX,YYZ
YWL9wXzL3EVCo4r2,MEX,YYZ
OVttIUjxwA0013g2,MEX,YYZ
92AivtaOVakMZDdI,MEX,YYZ
Zd5PaIEIYsYLcT0u,GDL,IAH
IYCTeUNsgQIFz4Pu,MEX,YVR
JAAQsw3oTVVM5aLB,MEX,YVR
u0oCXszpfXEO6kL1,MEX,YVR
g4sm6vO8nTY0N8nd,MEX,YVR
VRRC1GQ02R6keJ2N,MEX,YVR
H8qqvmDIoFNYFjFf,MEX,CDG
CJ203RgyjeK9ltf7,MEX,CDG
4FxhVXzbfF9HUiXx,MEX,CDG
r6W7oStOF6dgn6QS,MEX,CDG
Mt7MDldJlCHRd3gv,MEX,CDG
FS7hf3IRgCmXXJSb,MEX,CDG
jM9eJm6yP0EJU2qd,MEX,CDG
u838lEXyJ7276UOs,MEX,CDG
CZGBtza6TZ5a8tcB,MEX,CDG
B8aXNefj3l5PP9Df,MEX,CDG
6tAfiVJkRr5i1Vaq,MEX,CDG
hO74HElHEZSTEzsN,MEX,CDG
DEnBlQO4iLfqjwRO,MEX,CDG
r0YfUIauBkpLfPf2,MEX,CDG
9UgTpDEwuVg8VLNN,MEX,CDG
QgWlXBjzlCnH3Cfv,MEX,CDG
k0G9ez4Negh9oLZP,MEX,CDG
qqR9FgoSogdQSmXp,MEX,CDG
VTTj08DEImiBeYFE,MEX,CDG
cge3FI6vQfQfwGEB,MEX,CDG
81RLn9wiAXkwNzDB,MEX,CDG
FmsWtLMdxHkTxOMy,MEX,CDG
pk5NXbPlk4C3CVhA,MEX,CDG
HKcjW0x5al3ogJTv,MEX,CDG
LpXlcVSzvZcjPgbw,MEX,CDG
D6jfjUpooPJF24FB,MEX,CDG
6KVA5cbuG8P0lZA1,MEX,CDG
W6VYZdUEYxYSChSF,MEX,CDG
FYxuDYLKbq07HKl7,MEX,CDG
TJlUqN7vmiW17Cqq,MEX,CDG
SPacBg1xKc8fT46A,MEX,CDG
R5NxH9PMHZwA7WjG,MEX,CDG
BFFMIpsGP6yu5L7y,MEX,CDG
B6jpvHZI4Zmo0Yws,MEX,CDG
nkDQkllZfVNShiJM,MEX,CDG
G64yaHS50QKexx7i,MEX,CDG
i6bt17NxVGkCAoTM,MEX,CDG
mD0s2ZxtAyKw7Ouu,MEX,CDG
bnEOUsHqw3JJGLI0,MEX,CDG
JW4YZEyQWFKj7kZH,MEX,CDG
XyQNvOknhHQRSfuf,MEX,CDG
XBfI6BZP4ACtudpv,MEX,CDG
CowcwUlxFI2NCGZI,MEX,CDG
nwcFdwEQXwo9U88q,MEX,CDG
wuwcR3qqW4m1lU1R,MEX,CDG
t3A9SXAaCInGuoif,MEX,CDG
Dp4KNmaPSSp7guub,MEX,CDG
DynzCCC9WjCfnt7X,MEX,CDG
ogjTlvzJ5YDYjvyR,MEX,CDG
nzm1OHr17cWevLJY,MEX,CDG
VKUWta5ihy2Z5VGD,MEX,CDG
Gy06qG7nNqfRMtPT,MEX,CDG
27fzOpN2LfIiNwbc,MEX,CDG
YbJuPrFkmRpPOPBX,MEX,CDG
BxfbfPgDVCDtrMR1,MEX,CDG
vGBX7KKRBGUyO6cv,MEX,CDG
FvMO4VPkVX3g6hmM,MEX,CDG
B6IvdQASJF3VYQQt,MEX,CDG
9xISf6W2erClTP0J,MEX,CDG
jbqh4mxvcF7lmH8s,MEX,CDG
cETkEdx0lT4wNJtA,MEX,CDG
NDF5vYRzkhSQVLC4,MEX,CDG
Erd4JbWIcS1SnWef,MEX,CDG
xtiaQN7BOgaBUzyo,MEX,CDG
hNcTzfRgeeCq0OmE,MEX,CDG
771wHMZvzwFfCeZr,MEX,CDG
W8RLxjS11AAVKPtd,MEX,CDG
JL5NaOXSnauY63eW,MEX,CDG
BRsENIbCRuuznAS8,MEX,CDG
Ho81Q18sTxYMruyQ,MEX,CDG
unkzPp26waM6HPwu,MEX,CDG
TiVCJszYzsQgd72T,MEX,CDG
3Q7OPPkAI5Pi3pDt,MEX,CDG
fnliiWjUU0Xob8XC,MEX,CDG
8e2UWf7yQIoXHONg,MEX,CDG
duyg56GkboXUCDiL,MEX,CDG
c8059z678z2DC1ca,MEX,CDG
zMfvldfTVPD6lxYd,MEX,CDG
92NaywK4Ede1C32T,MEX,CDG
j875qoE3Zb5Mr80f,MEX,CDG
M5zcJGzyIMtCMEG6,MEX,CDG
kfgQgsQMi4Fny7pl,MEX,CDG
sx1FxgJIIivKI0Vp,MEX,CDG
Quo5PV0zQXRttnAY,MEX,CDG
ilye5PNTsvmr2bXN,MEX,CDG
6XiH03dog27LXu3u,MEX,CDG
e7e3v3FYdqzuFpWL,MEX,CDG
lrSSi8c3UUZZcz4P,MEX,CDG
JOVYYByT4jL0zdDq,MEX,CDG
6jTMSr7idu8jhSiE,MEX,CDG
xZxWTdtqpdS82dnJ,MEX,CDG
rduRJbMeNZNuhUTl,MEX,CDG
NYF4FRQVTFgMEit9,MEX,CDG
ddnwJr7vfSbkDO8I,MEX,CDG
HKmeyndpbuY59WRw,MEX,CDG
vfNmQcVF5RcfU3Lr,MEX,CDG
TxqIvWCVS4Wi5VuG,MEX,CDG
eoQwrKBpKGTDZulP,MEX,CDG
BljO0yS5Cx9JZjO2,MEX,CDG
PmdeTSSxfvVhw6OQ,MEX,CDG
21Q9T69dtXoqKyhg,MEX,CDG
Hi53lpZDSgXHRYls,MEX,CDG
XujGVV8gWutPFPAT,MEX,CDG
3uY05mcjLPL1AJMx,MEX,CDG
fdnZhuMnG51NTo5l,MEX,CDG
oPM5T05ZUE6IZBLJ,MEX,CDG
3YRRHN4N9ETn1Sja,MEX,CDG
1Su8uipH6Seja73B,MEX,CDG
bEvVZGGX8JTegl4Q,MEX,CDG
g3b1Lr3MuTOdit3p,MEX,CDG
0d8p4rNQyX7N8504,MEX,CDG
fEBNRWqugnpVFKmE,MEX,CDG
AQVAVG3xnxiOPN0p,MEX,CDG
IhNsbgFnjNqOZZ6x,MEX,CDG
SfNLhrvfXAzSOY1G,MEX,CDG
7iiMx6nyRR8JlEJR,MEX,CDG
bOUmx4ufV3ULuaEO,MEX,CDG
O3rUNZcZYVW3psQu,MEX,CDG
kcmjFthIrQzE5ZRX,MEX,CDG
UrPlv3Ok8ywavjZn,MEX,CDG
qfNQIgbOE5sTbkvv,MEX,CDG
pHIHacDkbcGa0aVn,MEX,CDG
kWxbgL3coc5Kf7Nb,MEX,CDG
jRDIYs0NOAxqa27t,MEX,CDG
800g2a8bIAYTrmsS,MEX,CDG
gNP0Pss4vLHGIhiO,MEX,CDG
90EOZXVN2HAJg6A1,MEX,CDG
vpKhjv2fWNpxIBob,MEX,CDG
zCNIUudCwzUgBsp1,MEX,CDG
GmGYtrIvPIOaeP8R,MEX,CDG
6AdTCiIGotjPXSaG,MEX,CDG
Tq1zkCssRQcAWjT4,MEX,CDG
K9mMvMCwu5ph7uYK,MEX,CDG
fa989mK7HCrlqaQD,MEX,CDG
ipoVl7mLJKbV0glH,MEX,CDG
5a6Qbdzc83Bq4hmN,MEX,CDG
9ceUesqH1u9L8dus,MEX,CDG
dH3OZSLQfRPP1Tss,MEX,CDG
eipvgQFwlvg5iKgH,MEX,CDG
g2Af6AapzF7po8jo,MEX,CDG
bb4B3N8FhMVNcYS2,MEX,CDG
zQZxNqafm2wZm6xp,MEX,CDG
9qNsE32prMCGr9tw,MEX,CDG
gn0ZbxLWsc674N3T,MEX,CDG
6HCQAOscugJ29AOW,MEX,CDG
RIG4p2EUpVOonJgz,MEX,CDG
jSxbeioJawrKUuxv,MEX,CDG
uh9Z2eqUzhlvOJM4,MEX,CDG
2MaNEBg7ioJHd2t5,MEX,CDG
8xh45z5EPve9i6KI,MEX,GDL
yQMBjjXow3vRGXbO,MEX,GDL
v5XsT2gBSgBSCnYyR,CJS,MEX
Hwnt1JIjX1o8bxFe,CJS,MEX
oBGZS3wTjEyo1FJl,MEX,PVR
lfHFok5QlVaodZUf,MEX,PVR
XX7csVfFJ6UGk8hA,MEX,GDL
glY8HC77EazoCUw3,MEX,GDL
jZI3jW2AqseTQiMg,MEX,GDL
ZB5095o3uSIfbsmf,MEX,GDL
BFt7q0wY8XhbLvMC,PVR,MEX
F8G15yWqQ125qSf1,PVR,MEX
9NmGJKehoCRUpD4v,MEX,ZCL
jQbf84aDv3rhbWgq,MEX,CDG
Zu1DyLZW1TAIc4Ox,MEX,CDG
swxgZKx0i3UfzgVj,MEX,CDG
EYR2FdWrS6pOtfWA,MEX,CDG
YICRm238ywAgN5vO,MEX,CDG
TLeq5Kkcg1WzWEu7,MEX,CDG
ce7WzvGU7jtNRIa9,MEX,CDG
2eBDcbrK3e1kMQjA,MEX,CDG
1z14khjy503Uk7mn,MEX,CDG
0IjnmhkFkgCOqwA6,MEX,CDG
Mo6vuzVvsOukJYKj,MEX,CDG
AwhXX5W5hMmf57G0,GDL,MEX
91cjeB2RyBU28Iou,GDL,MEX
ws6nNkrgke9Rg9qi,GDL,MEX
w7eyFBPSHeNKPCfT,MEX,CJS
JLg27nLNQHKrvLS1,MEX,CJS
oddNjqHPOfjYhVgl,MEX,AMS
jc7hq8jDu1pB6zfd,MEX,AMS
yUo4zBA0pNiRaNwi,MEX,AMS
46HLBS8os8Ps5IVz,MEX,AMS
nLajJpbH1YQ8MuJO,MEX,AMS
yi4NVSzhGSvH0cLX,MEX,AMS
E3jCad4mOjkb4ZN7,MEX,AMS
jaDJxiI76tLB9CVG,MEX,ATL
a1yXNXLuAKuTpCSA,MEX,ATL
DMjfpMIAQ5O2r7kQ,MEX,CEN
HqYKATHkrI22SNVB,MEX,CEN
9max6rYxvjQHfkrJ,MEX,CEN
qJ19KpOHZLZm1nRF,MEX,CEN
m318Bbele1pwCPll,ZCL,MEX
Au5R4mgnrCvX9EoQ,MEX,MAD
bDN2EBu3wY12jAxe,MEX,MAD
vobTJsVx5cPNEecw,MEX,MAD
SKBAAUxKrQ5IOkbJ,MEX,MAD
HHjO6Qq3HAZ1whWA,MEX,MAD
tkWFK8WMbzGaXL6A,MEX,MAD
RI3axeW2B7ehxgWO,MEX,MAD
cVphV7Dw8zh0GMiT,MEX,MAD
7UwCm0wJuGFhGt8k,MEX,MAD
nbWzTZ13Io349fTv,MEX,MAD
V01jG4fGY0YEdVJe,MEX,MAD
pMFJlrXXPusvkqTQ,MEX,MAD
T62ZSmgSwafKLSXm,MEX,MAD
bUtrDSz5ydLj9Iy0,MEX,MAD
HsV59WqQO6ZQ9QPb,MEX,MAD
ZuBK2SNnk1CcEQT3,MEX,MAD
JvVDE94rljgkkdEd,MEX,MAD
ixDOhH4WQnTWO46b,MEX,MAD
cZ8ccx8REQunnFfB,MEX,MAD
U0rLublPIzB6VlER,MEX,MAD
ckrUKxl2uhlGS7ZC,MEX,MAD
KUsQOedhfx7QOvbV,MEX,MAD
FJymkmvq1ghmzITc,MEX,MAD
nGb2JDfCffgDXRb8,MEX,MAD
sBwE5apMcUjPoILx,MEX,MAD
XIMX8R2YiFTwp1WG,MEX,MAD
Dd0thdfwQ6YK3Wcp,MEX,MAD
ityspk5CVTaIMCBz,MEX,MAD
at6AggVRlJVsVAtM,MEX,MAD
X6xScBJqq6CYRckH,MEX,MAD
91S27hFQDAVYGnPR,MEX,MAD
SyS9WSap3EmaY4Di,MEX,MAD
zk0QUZT5ixl3LFih,MEX,MAD
RwIpgAvK2z6psZbS,MEX,MAD
PaZ9rQIQX9vGvU8w,MEX,MAD
cNQlLrG2IFo9H3ZV,MEX,MAD
cT1D7YE0FORgFZXd,MEX,MAD
urYQZUPdGzSJTwAb,MEX,MAD
GaMMiskOMshAB9Ze,MEX,MAD
LOf4Yi3Kf4BIrahG,MEX,MAD
N8r9c4XEvaLRyLp8,MEX,MAD
QedxEfElg0YyjVtZ,MEX,MAD
Ng6fovfaUsCCuZEB,MEX,MAD
OQ5DGIPDhV3X4jvT,MEX,MAD
ISVd3FgyJPwmLjY9,MEX,MAD
tZmIHMHshUYzYVml,MEX,MAD
nLrjVAEErkV6rJD5,MEX,MAD
daqCl9hzlgCDwBxC,MEX,MAD
FT0iaQCD4pC9Fp0x,MEX,MAD
M8tr0D7hjW8UFStZ,MEX,MAD
fQ2K6qAvFB8KlBH6,MEX,MAD
cjmRDrWjOb89boOQ,MEX,MAD
OcFTY6pWyobpXpz7,MEX,MAD
e4guxlPoAoRWfnif,MEX,MAD
PoqLbYvsYyfhHmvH,MEX,MAD
lOqJ4lnKhspelrIx,MEX,MAD
hhRpD6pSJGC5ikxk,MEX,MAD
jXKErY8XzABMKrn0,MEX,MAD
kmkXPGJKcl1tUQKr,MEX,MAD
s4ceFLx4PrmAOu5U,MEX,MAD
qIRZnH7mJsq8Uiae,MEX,MAD
lchZ8KYGb5RNeJ3a,MEX,MAD
qotP5jqN0OLuep8W,MEX,MAD
BC3kXrl72FGNl6Ys,MEX,MAD
I65sDV2kZKuEq9qP,MEX,MAD
tfnCRZdMvGEN8Ypi,MEX,MAD
cuH6JQSII2cTYOE3,MEX,MAD
fBlsjsSWE47wicok,MEX,MAD
O3zgkmvWgZhKYWoG,MEX,SCL
UqoyxTw3RNGtfsqL,MEX,SCL
kYnecqfnPd2e4sTe,MEX,SCL
JLvK7dMReSNd5jgw,MEX,SCL
saIpT57h1uIiRd7E,MEX,SCL
AiHCeo5IO21H0rfv,MEX,SCL
wllfTXpj4iy8Icdk,MEX,SCL
ksIAh1oeCqd5QVKO,MEX,SCL
ORa4RohpPduoRb5K,MEX,SCL
Uvri1UpFNSRiRU7u,MEX,SCL
lAD4m1tuo6HHfFL5,MEX,SCL
v8gRpXTkSu9ANYui,MEX,SCL
DVlT4cLMNF3fmSus,MEX,SCL
mH1hiurtA3W8pZ0q,MEX,SCL
Fl8gNZOtDwJueenW,MEX,SCL
o83qA9OCuM8ucHQb,MEX,SCL
iTD427TEW1Ml0DBU,MEX,SCL
JSqtW35Mt3QNhK6B,MEX,SCL
rme75IA8Rpx4GSGt,MEX,SCL
SwGK5BcokK5sj9eM,MEX,SCL
YsBXrSxB8FDXSvpB,MEX,SCL
1RTaMxjO13IeUmhu,MEX,SCL
NmlAFMuO7HyDEeHc,MEX,SCL
ycIv6ruRUjR39F14,MEX,SCL
sv7d0DTpFmeFaY8A,MEX,SCL
fjM9qW36txOXMqdt,MEX,SCL
nfCsO5KHr1FbnWPn,MEX,SCL
hNWuqq1RNzA4yIx0,MEX,SCL
g9hEpQhBWbXqJL9k,MEX,SCL
lTZ65uzmMSQYYZwa,MEX,SCL
olOeKzi7NS8B8DBK,MEX,SCL
sXq7ZRtvhZNaSjkc,MEX,SCL
8YB0gfgTnwgnHEp5,MEX,SCL
ww9MWGlG0QWEALhZ,MEX,SCL
hNwCOGok4NpSMCxA,MEX,SCL
0JGNd9Yz27s8OLNG,MEX,SCL
SxhYq7s1CvVoYL3j,MEX,SCL
DkfwMTUD8VO8oTnV,MEX,SCL
02PbmuiT1HgVNr8b,MEX,SCL
AG0MOV4zESwHztAp,MEX,SCL
1cX1wCJa55HI6qxn,MEX,SCL
1qNE2anZoRKbWjkb,MEX,SCL
lBmmm0KdBgaRNvK0,MEX,SCL
3KoMlGdvWbfEHydE,MEX,SCL
HsY98wVyh5dtKsFX,MEX,SCL
yqK9F3TZCoONeLDE,MEX,SCL
P8BPKpTsD3746NAF,MEX,SCL
jM9muq0lsdFbTr7Q,MEX,SCL
cQn07GBfQVBhpKC7,MEX,SCL
9hvXMDD6d99GolsD,MEX,SCL
8Ao202VmCglh4SgN,MEX,SCL
RWeG1ZO6kbUJJhIb,MEX,SCL
H8OQDQp93JUnLMZ2,MEX,SCL
NALBJPw5fwwZR1uQ,MEX,SCL
2g69uwkwOpbUfHrR,MEX,SCL
Y0kIBPu9WRcjW2tn,MEX,SCL
46badqf8JLfcrlFT,MEX,SCL
oYXAJ7MzQ5MKx4nF,MEX,SCL
QDf2wiMdw9WRWhpT,MEX,SCL
PzHiBcSXI1nJFUBl,MEX,SCL
L8acwN7VIl78fT9z,MEX,SCL
tWiOM983tFr2ZTkt,MEX,SCL
KkkLBszeejyqDHWf,MEX,SCL
h2ZOb4izHOtEjNgY,MEX,SCL
pAr2Dwy8GUb3f17u,MEX,SCL
HCxK3q4zAT1MF4qc,MEX,SCL
ibheI6dJXM1ecgVR,MEX,SCL
k8wJ40zIXgMgI11X,MEX,SCL
WdprJltiRhIIjqUW,MEX,SCL
mhxhqjNmtfmKiLNM,MEX,SCL
kGiyHVwPnqhiy6Ty,MEX,SCL
sNB5jHhVIxX1Ozpy,MEX,SCL
RpiQbt5KD5uTtac7,MEX,SCL
lYVPaSAD6PgV3IvA,MEX,SCL
XDiA3r9DP9YZreGd,MEX,SCL
wn3aYI6DPUAD9JSy,MEX,SCL
Lx2t4XwOYVJ1Ho8e,MEX,SCL
tlUulywgFKW2tPZy,MEX,SCL
xYUCHwqLhKYQS3MG,MEX,SCL
j5gxoH7Q4sj96LdG,MEX,SCL
Wed8MS2HHAGXdhQQ,MEX,SCL
TE1hp4rW57pnSvVB,MEX,SCL
RbfEP0gvFMhyeqKl,MEX,SCL
6G1RvhGvLtMZiPeZ,MEX,SCL
06dcGp2DbinQc4mu,MEX,SCL
jP1oBItbdQKVUfj7,MEX,SCL
Y6gRgt3HSr4bSL23,MEX,SCL
6p3kpgXCrHJToaRG,MEX,SCL
yyClSYfkP505E9nO,MEX,SCL
0whAJUvylprxWKbY,MEX,SCL
ZtNTJqRZCty9l5G9,MEX,SCL
VNyaNoexXUm6abUh,MEX,SCL
3CzSSFQ8Bg4ELsT4,MEX,SCL
oIb2kqkCn33vVBJK,MEX,SCL
GeMTCaWIYwg0TeWO,MEX,SCL
Z7CJrMNAYJXMKMgk,MEX,SCL
2mif1nztRQyPqyNJ,MEX,SCL
Gxem7aAK17a2S9gS,MEX,SCL
OkPD9xIAqUyWfx4Z,MEX,SCL
QGAZ8xkhTlzvxkQP,MEX,SCL
ZRTSdyFnFdDyXxFy,MEX,SCL
dLh1wGtJ9YEJIHLM,MEX,SCL
PtahPFs6Js7dcBK6,MEX,SCL
xl436VjmcdrEIKvk,MEX,SCL
FGNuyD557A0M8d0A,MEX,SCL
LgGJXIFUO678pyw2,MEX,SCL
tPgg5kgt0MOnsJNK,MEX,SCL
iXF5rUV89Aujggdg,MEX,SCL
LaOPDYfZLh8gismm,MEX,SCL
D4ccOODmxxC6Jsaq,MEX,SCL
sW4AGYqNmDdZOTW6,MEX,SCL
QjiBZKYMH2yFz6FK,MEX,SCL
UL72qn4EOjs3hwIi,MEX,SCL
Z3fyiTdb2MJfNzRn,MEX,SCL
F5ByUipeaSIpza04,MEX,SCL
SpaiBE3ud2kI1cjo,MEX,SCL
q6SjBWrktUOjP5WR,MEX,SCL
NrcXwPOAN2sueKUQ,MEX,SCL
6CGih6Zfsuak0B6K,MEX,SCL
SKgrGQg7gDnG2uq0,MEX,SCL
BhNUlgZFpRe6FcnX,MEX,SCL
eX8gMJWvPCWnYpse,MEX,SCL
PWqVwD58Bn2Wi1sV,MEX,SCL
rJqWMx1APUBe2KcM,MEX,SCL
Gn3FDvNXZXA9FaiS,MEX,SCL
l4w8Gq8cBz7UFLLt,MEX,SCL
q3BfzJw7i6pu2lc9,MEX,SCL
w9qXTdyMY96x71A2,MEX,SCL
gU0236R2BHtrSr2H,MEX,SCL
KfV2aC7HOMykAyxD,MEX,SCL
Oetohz4ZGrs3ZMzu,MEX,SCL
qqUpVHfCbimjMEb7,MEX,SCL
oB8PYI1u9oYT1hKL,MEX,SCL
WYzKTLgh9OQmPc4a,MEX,SCL
hB0FhPpumQw7V4QK,MEX,SCL
O8XOQgZE6O1wzZHM,MEX,SCL
SJe0OhAqh2QeWRpW,MEX,SCL
j6qqBP4mMcXNITJX,MEX,SCL
mB80pvgP5hUWIpiO,MEX,SCL
fAuEgsePD8monLFM,MEX,SCL
TrU5q5ilmWRZIErg,MEX,SCL
uoO3wiDM8TJHewyk,MEX,SCL
Yin11vItdRmH2q2Z,MEX,SCL
xKg13CrMq1IoR5Ms,MEX,SCL
WkNHB1zEsRtdnTmE,MEX,SCL
J9w7n7woQykPNJtm,MEX,SCL
a0X2BA15ex60GTsk,MEX,SCL
2TpmCSglhSiwRpBk,MEX,SCL
pQ3izoEem0iAalGa,MEX,SCL
lLQNY5KEq3wpwJkK,MEX,SCL
5lcMcnc4QWGVAKtK,MEX,SCL
i7KODafmtnp6Hjha,MEX,SCL
tPbvrzHKzpiS61pP,MEX,SCL
h8BORDDKEoO4MFAU,MEX,SCL
R40n8Foq2hAEwhID,MEX,SCL
yWvaJqn6YNIlv2a4,MEX,SCL
D0kvTYwROLqCfh4L,MEX,SCL
AhGru58QHrGRabzG,MEX,SCL
Iw0EFtmTgwZDGZmO,MEX,SCL
yO6Dy5BA9s2J7FG3,MEX,SCL
O1Au0bDBAUe6tZRc,MEX,SCL
V3oVnYnOaS0LZJzU,MEX,SCL
wqaqoMkEdGgQ2DNs,MEX,SCL
aJEgtHRYRRdlybZM,MEX,SCL
iPG8Z5JNyKz9mzaq,MEX,SCL
KWZz87yy6PvsOGYf,MEX,SCL
Np55O02NL8mJAH2l,MEX,SCL
3olDfqrzMrRVEv8v,MEX,SCL
av6iAFkJKi9Etc37,MEX,SCL
k4EAOiIzmnv5EPio,MEX,SCL
LxBMOUavFpd4T1eB,MEX,SCL
aBGN2DhA4p9vmBc8,MEX,SCL
lEC1Ru064qWh0suV,MEX,SCL
3Jf8RLe5prLRu3x1,MEX,SCL
uYGQ7jJpXwYZaflU,MEX,SCL
WHKAql8uz6SsJGmG,MEX,SCL
HPl354NrRHB9lxM3,MEX,SCL
AAuRtxlJP4kCPeWd,MEX,SCL
hpaLiEQKTfgJrw4x,MEX,SCL
kkGFOTVwSwVF4J3m,MEX,SCL
ylhKhybnYtL84tCu,MEX,SCL
blgDY6vFoj7zznVY,MEX,SCL
fmlLiIABvr5pDr0d,MEX,SCL
QmnVkWaTJXosTYzi,MEX,SCL
TkGPXmUPIkxxosmE,MEX,SCL
vDfeaVr0S3iWyCSN,MEX,SCL
DI6Ckmyv1sTtqaK0,MEX,SCL
asHHmxPxg5G2Sx7K,MEX,SCL
5dy1nCCzAGzFJRpp,MEX,SCL
DrsUg4YVYKtWTSL7,MEX,SCL
HWqXVrEMpwFbJuna,MEX,SCL
SXQ0F7ppmmLa0kFg,MEX,SCL
FPBvcKaTNF1jij34,MEX,SCL
LqtNwoIEeLIN8vy9,MEX,SCL
lD8XFalxmtXxiTVE,MEX,SCL
SqJsSGsgSfOatR2z,MEX,SCL
kH5OifeIjTrNz7gt,MEX,SCL
LksiFY9rFQcuBL5T,MEX,SCL
xx3EVQ90EDQbOXLQ,MEX,SCL
aYlvoQkRR3CRHEfW,MEX,SCL
2qz96nkey4wCJT2Y,MEX,SCL
qnLuMJfrZrp3clkS,MEX,SCL
RpKTlbBEzuHojago,MEX,SCL
E246JqAnBT97n0Ar,MEX,SCL
kOlj8AOryHVIxA33,MEX,SCL
E1BAZ2WIynlisbMu,MEX,SCL
LaowcuA7MAHVdMr0,MEX,SCL
Iv5bdJYoyY5JxfaK,MEX,SCL
1dYszkySlGmhQTCh,MEX,SCL
1XLW1OIyZ93SQq9M,MEX,SCL
9u8Ji7EGR8RwO0se,MEX,SCL
f5Vo8iEhfOVAOSv2,MEX,SCL
YKulj5fHoM3HW7kq,MEX,SCL
UWkUlWlF6wkM7tZE,MEX,SCL
74XZKXIJ41IjW6Hk,MEX,SCL
8xCdS4JwAO0glgdx,MEX,SCL
S1DdzG7yuKAFiAYZ,MEX,SCL
U1ZjJssqfOZxovTU,MEX,SCL
6L7HGpikJDCmUwYX,MEX,SCL
07icr34t8qhdEecJ,MEX,SCL
11aD8v9jdoKwWFnO,MEX,SCL
lAyS918qeCzbKphQ,MEX,SCL
ahyQmwskqKt8oKSN,MEX,SCL
zhsV0jP3sf5HJKuI,MEX,SCL
zAUM91ipYNkUrFVZ,MEX,SCL
ACoWE5Tzp7j4C7l7,MEX,SCL
wlzTWqbiNWJLsRHh,MEX,SCL
RfMj17f4HLsoqPVI,MEX,SCL
heIoSZBuJXKabpeI,MEX,SCL
T2VTDvORQqYJe4lK,MEX,SCL
iSyEqMYnJboXpZK9,MEX,SCL
lKUMrmg4qfqJtns6,MEX,SCL
QKYtlV1T67nRRcTU,MEX,SCL
TNy0oh9xVxfVECwb,MEX,SCL
RbX1SRfY0VFUqbS6,MEX,SCL
CONDR3aaxOVixv2B,MEX,SCL
x7iuPf7G9zrsqxwZ,MEX,SCL
ZXS1wSqJdslmwWh6,MEX,SCL
jk91my4lAWQB3aLG,MEX,SCL
LqtRq079kS5qlz7T,MEX,SCL
owYx7B173NYknoS8,MEX,SCL
6H4pPe9ExZKf16nU,MEX,SCL
9Ns0RmIEVbxW1k1I,MEX,SCL
vXlnVzr6x7KaQIvF,MEX,SCL
Aogwa4f9tuhTGYts,MEX,SCL
6hO59t0MXfcIcmGI,MEX,SCL
Z39JCEwDq4xhIaMo,MEX,SCL
d2FTGXa3yXqlnDjL,MEX,SCL
V1Mzzd1dxt8JcDvO,MEX,SCL
jvZLKaN8T9BgUwZA,MEX,SCL
mZZes6bMvGkNkG8X,MEX,SCL
bpdJtndN2JL54N4X,MEX,SCL
H2Ivj7h0QuTWf8Hr,MEX,SCL
kLiRlw9Spg8rNjus,MEX,SCL
UYEgBjQ1WplPajHk,MEX,SCL
UfJXTNK4QlFthIhe,MEX,SCL
iS0Nxd53HJmb7s3q,MEX,SCL
jgqKaKsxVMcKyxba,MEX,SCL
2xVqhwwb42XnVo1V,MEX,SCL
sXEvnO1MBGgQh4si,MEX,SCL
U4sm5kxRdblkF1EM,MEX,SCL
SDSzDLxl5C68iDL2,MEX,SCL
CLYtqzJZyQBFXbQP,MEX,SCL
is3THkSsRM9dIXmH,MEX,SCL
5skwzQ35F3FxNdlP,MEX,SCL
Ucvezq9jzIAPh7oz,MEX,SCL
LTzsTj4X9JpBRhGY,MEX,SCL
IHew71jda7ftggY5,MEX,SCL
jDlTstvDQnKK6R5b,MEX,SCL
fEt6jqlCQA7nUsy3,MEX,SCL
b1lNjU1buSqAAkFn,MEX,SCL
J3MF3Oz7vjTijU8C,MEX,SCL
sBSAEoBlxn4BQaGH,MEX,SCL
Hk21NjmYFYAoMkOz,MEX,SCL
OWx1s91C6wAhlmEs,MEX,SCL
02dhRvGNza0FD5mz,MEX,SCL
YLPyLN0djZauEeVT,MEX,SCL
rzvOaHsWJNcPi7zG,MEX,SCL
r7OnrNSiHHRmsgr9,MEX,SCL
Y5yPgkYeJdFoRSGR,MEX,SCL
3eDiopSYVBxfXuoH,MEX,SCL
wpFeljrJ9UuFtfxO,MEX,SCL
A0T9tQ4jsPQvmyPw,MEX,SCL
Q9cH5UV4XiJD9YyM,MEX,SCL
AKXJMN4dQ1qFrX3q,MEX,SCL
U6Xgs9JgGBzQBnw9,MEX,SCL
x7tyhzvgIdhFlTda,MEX,SCL
AnJLLHWW3yyaMzim,MEX,SCL
N6ojIElaTfhio8Vf,MEX,SCL
loia4OWiNoFkO2jt,MEX,SCL
KLqasiwHjJXWzQu2,MEX,SCL
smlsI1dxqCh3mnx1,MEX,SCL
Y6hX3w38NQ7apg0J,MEX,SCL
I9EXFCmPqc0Sl8vX,MEX,SCL
sAICkgQ4ZlqzpY7y,MEX,SCL
Wwg2sQNxMAsSd3vE,MEX,SCL
90ZRJZzKy9WFDrAi,MEX,SCL
SxUEZBW8FbRbb80b,MEX,SCL
oUQtkOWGYBXRHXxd,MEX,SCL
T4SSNqTtBL2svz4T,MEX,SCL
IZRlIK6T0CO6WWpL,MEX,SCL
trBk4pAq6GpRQ2YO,MEX,SCL
ocreDYlZ8Eo02NrN,MEX,SCL
s5WXzo3ECmEtEXa8,MEX,SCL
K24F2zDQhpdL0ojx,MEX,SCL
gVfF5KBkcSZGvicn,MEX,SCL
535NjKKwXW36lsOj,MEX,SCL
cvzZu8dSMFjhxYFB,MEX,SCL
4U3FELGj7811yjn5,MEX,SCL
RNgnRJIPECRj0VNG,MEX,SCL
n8ssmpghxQQGBaQm,MEX,SCL
hnvedGXQgcgc9sYl,MEX,SCL
zD1llCyH274eguCy,MEX,SCL
6B7kZLL1ozWnpsTM,MEX,SCL
Fg5uUAAwLtqpByzw,MEX,SCL
PJ696bifkaJxrobs,MEX,SCL
ChTRlBVK5jHZLDTD,MEX,SCL
jLuJsrBTB75PaCmx,MEX,SCL
sPvqjySZbtDSKBdt,MEX,SCL
doEq3JfEdP9gUyjU,MEX,SCL
RAJCDRXVw5YWicVZ,MEX,SCL
dhU4U0dAHkfOwrsn,MEX,SCL
q4zIj7qR3V7BVxBK,MEX,SCL
Og7Xcee5vLTBIqZy,MEX,SCL
DPELWRZjmZ34dt5x,MEX,SCL
wxrmW08DNhmkbCtW,MEX,SCL
OR8PP6ifpOTaM3QS,MEX,SCL
E26OuEPPcXqtE6Tk,MEX,SCL
wdNGKkFHs8FGsB88,MEX,SCL
jVmABbjJLBWt8jLK,MEX,SCL
axBI7xxWJSb2TRJp,MEX,SCL
A1itElBkEWuJ7Vz6,MEX,SCL
Y9Y7hWiXVp9XUIT3,MEX,SCL
auhwYgW1tJAGKvGO,MEX,SCL
GxBlZvFq3bILhI94,MEX,SCL
kNogeX761RHCuOWK,MEX,SCL
kFT3bZRP2EgpVNWr,MEX,SCL
HOUS5QKajnYZKeSn,MEX,SCL
uQivKbmy1iet7Ale,MEX,SCL
A45oHW8Brpm87vXI,MEX,SCL
NjkIlglUuzhNm5Pf,MEX,SCL
K4i0KKjPUIKrS88V,MEX,SCL
uvaAyZ0BAzFNN1Jc,MEX,SCL
fVmRCxYy66jIB5ML,MEX,SCL
OXb0UOfIBqCB3Fpn,MEX,SCL
JS2LvRuqaREGKqL7,MEX,SCL
U9gVaZhNM22YOBnh,MEX,SCL
FZqjXcuIdQyXNaik,MEX,SCL
tevSRlkOpCYbAWi2,MEX,SCL
BRwfOWVqF6Zp2ghc,MEX,SCL
RVhT2m1CiKMHp2Hg,MEX,SCL
R77Pwz2fU6NwN5vM,MEX,SCL
eJ9BacRLJiQ5XmE5,MEX,SCL
TzFL8nL8udvHxaV9,MEX,SCL
rYBdkNg29x3KJeom,MEX,SCL
he3CCQqzia9YZSO9,MEX,SCL
mGA2Se00BrjArfRJ,MEX,SCL
evwF69KRLv6oAORN,MEX,SCL
F4qfuepFERTHEU8e,MEX,SCL
EwUJpjCnvGEad9tj,MEX,SCL
tWOVCi0TrjhjjxDA,MEX,SCL
Ih8yMf4VLVaUPynH,MEX,SCL
PZnqhJgy2qip4wWx,MEX,SCL
j5eiQwgWoDtpTT0v,MEX,SCL
usCG591kPYwnotQi,MEX,SCL
Z6ryiuCRiMxWGrKR,MEX,SCL
zBJJtvfT3j59kwWw,MEX,SCL
eEZn3yKH5kDea7ve,MEX,SCL
H5FssmbjjI47BI0Q,MEX,SCL
DkI0vy9WIgXzsY63,MEX,SCL
FqUYJ41sAMuMNIwG,MEX,SCL
Ann1AoOR2ja9nUUl,MEX,SCL
iQCeEssljXVYFOjZ,MEX,SCL
tojGEVXhspWV8Csz,MEX,SCL
bXj4a6IVEHVFktNh,MEX,SCL
YfxjNfpVfZDH0Eq0,MEX,SCL
2TUIVS8Sc65Z98S2,MEX,SCL
aiq6cXnm9CECvwFy,MEX,SCL
fdpASh6owRgGZQEU,MEX,SCL
cYqqrAOXab6uY7LA,MEX,SCL
h32VUEYqYN7yYSyx,MEX,SCL
SeTO6gV7CZpRxNwf,MEX,SCL
for3t1mwtdQ2dHEn,MEX,SCL
4YxgDFMDsT77mECl,MEX,SCL
U6dybb6HrF81rPlI,MEX,SCL
m0R8eXqHHVuTY8Nb,MEX,SCL
FFNdc8xnyBe9PIzf,MEX,SCL
i9AexGBHA0BDnLFI,MEX,SCL
1kRTsEpXi4xoNWaa,MEX,SCL
NyNaBZwvlwFnBi3u,MEX,SCL
c3uLQuJ59S4TdMbi,MEX,SCL
x6WmiYaX2S7kQgIE,MEX,SCL
W0cOyDVAKFt8OBCr,MEX,SCL
bQMU8W5r4ENr1JYU,MEX,SCL
hz2j3tUK543S6qnm,MEX,SCL
iQhtAw1Fy84HnTqK,MEX,SCL
fdVewNpvZOEy1GRB,MEX,SCL
FafOEdBsJdOcZJpq,MEX,SCL
HG5UJC3ojMLfyrhz,MEX,SCL
3EvWyLs8tBkNv2El,MEX,SCL
uNbdxdMd5pweTvcP,MEX,SCL
Qk7bGcTJJDlVIo3L,MEX,SCL
z1crmIqaALyCxIGr,MEX,SCL
TaHlQJ96Dz461XTA,MEX,SCL
GQIMY188KYjo55H5,MEX,SCL
dA3jpQV4jmVFEiGR,MEX,SCL
KZE7BnSMnY6gUTDa,MEX,SCL
gOFa23OG9CFAg3S8,MEX,SCL
YAoKaGC7VeKWJL1r,MEX,SCL
aQBs8RBuw2ISNsZ5,MEX,SCL
oyiWQIoEdN35aFNW,MEX,SCL
t6oRB7TsEqecRBTi,MEX,SCL
V7wXzSZ84B8GFc6B,MEX,SCL
n5Ybjj77ICh74HUz,MEX,SCL
7LXJuVWp5EJQRLfo,MEX,SCL
75Pb959Hr6k9RKUT,MEX,SCL
Y3w7bGKaW9Cdgg5r,MEX,SCL
h7hekjKzlhvJs7gP,MEX,SCL
pa4HHGDP8mLyDpkR,MEX,SCL
L2BtAXYHGvvagqg3,MEX,SCL
XGayJ1Yj1vNzZTBp,MEX,SCL
4QRIGOL8yesqLKWg,MEX,SCL
IrDEdGSq7hNSsl7A,MEX,SCL
RBFrAdtOrgSfMPSg,MEX,SCL
kx1yoCWpKem4pjBz,MEX,SCL
TvYkGA66fU6CtKJy,MEX,SCL
tw0IQg8kvmPBOj00,MEX,SCL
v0AJuJSiWENYwkTg,MEX,SCL
gVgHBgd8G9DTjLOI,MEX,SCL
fdKOUpkgim8w7buF,MEX,SCL
8MBepNyHKm7l6xg9,MEX,SCL
NhHw2rGGVgs2gOW9,MEX,SCL
E5kDbs4oVUkMQsV9,MEX,SCL
VaYnq9OWWwKmBaYl,MEX,SCL
y8k3qMusnZ3wLVC2,MEX,SCL
WS10JvRE0PkUx1gh,MEX,SCL
LGraGx4BULqBmT4Q,MEX,SCL
MGHLXapOtvQ2SrS4,MEX,SCL
BMRZlzb8aZ4zUXvk,MEX,SCL
aDrvozTSC4iD2mMY,MEX,SCL
pEqLRDfKWXoMM6S2,MEX,SCL
0yM5a00VeBVDkvza,MEX,SCL
axzPBKqOGTHWqXoz,MEX,SCL
hGLV7fRPExFP8d7M,MEX,SCL
SvnrAU0Q7TWMX4Dp,MEX,SCL
Nnru4ou7hRCd25im,MEX,SCL
9rbf781FUonTNPZj,MEX,SCL
HzM4vpKcxLkgnKo8,MEX,SCL
AKicaXvlJ7gUc0T9,MEX,SCL
dVeV14p7Nqqnxs88,MEX,SCL
riADAqxcN3lx9y1L,MEX,SCL
MGhmA7NvQE1Lxg8e,MEX,SCL
dkifJADH6fFtwUmV,MEX,SCL
M2sxir8EkFOCXI1u,MEX,SCL
H34wqLbj8PH63y8G,MEX,SCL
dfO576FkYZAHm335,MEX,SCL
mFHC1xKZRksWNUF6,MEX,SCL
49SuhFiEZ9BDXmf0,MEX,SCL
uNirE72QYojBijtY,MEX,SCL
1jObiLmLXc7ZHaZ7,MEX,SCL
H32ry83tEE2GrG45,MEX,SCL
RTd6kiQ2ZyKlDicg,MEX,SCL
MAYgGzficPafZlBx,MEX,SCL
NBTv9U2F1QkBx6os,MEX,SCL
3T4PLmYDiO2VpH8P,MEX,SCL
8f2UwDlQgakMYnIn,MEX,SCL
XZUYNuoXgaR7xnF5,MEX,SCL
DNAdXYKkbxqRcPOG,MEX,SCL
Stuhw2S7L7fE97Uc,MEX,SCL
yisIjyPJsrTgnAs3,MEX,SCL
04UdmiA3JXRrYYnu,MEX,SCL
C2WwFjnUf2VEddWs,MEX,SCL
RBZpagY8l5UsvrLu,MEX,SCL
i0LkHAfvCI9fILMM,MEX,SCL
dPDXgAf53U0kxskc,MEX,SCL
Mx6m4cunUTbjgmAu,MEX,SCL
N3uOQwcya6ODwnQ7,MEX,SCL
fT49izBkekaIFrfl,MEX,SCL
3skwEdusdwlCN6lX,MEX,SCL
RarZOq7O3PB2VP5d,MEX,SCL
mXNfkFsYn7rzpKRw,MEX,SCL
b7dET8kTyyqTy1Qc,MEX,SCL
Q6zy1JyBlJCIRp22,MEX,SCL
jGHTfpl26CmASC99,MEX,SCL
FPE2dyF9WTYjuTRj,MEX,SCL
yQvKtOpG0i14I6U6,MEX,SCL
cWLtxuZaK6e9kcTV,MEX,SCL
TJC26JMxyLrZraDT,MEX,SCL
XR8rWdSg1zKDk6XD,MEX,SCL
2PUXGdlF1Xi6fKym,MEX,SCL
8p64eOda4PfNXkis,MEX,SCL
3QNbw2PpRrZagafL,MEX,SCL
36c5bF60uyGc8JKx,MEX,SCL
0BJaAf0cxCd8NHTm,MEX,SCL
M1paAKGRzfzrXauB,MEX,SCL
iaxu1G3TRd38MMk7,MEX,SCL
TqR6BEZeDsqmitLy,MEX,SCL
eykE5QMwiWXTfJIU,MEX,SCL
KzURzNl8U4uCAjJ2,MEX,SCL
fKiScax25hLECCXE,MEX,SCL
Ju5Odt7D7VBu4GjX,MEX,SCL
G4rCg5aWFtp96o7j,MEX,SCL
7gsZHmcc2FAe6XAt,MEX,SCL
I69rF0kgb2ILVX92,MEX,SCL
3yGibW5nsxoonnRh,MEX,SCL
Urkf8nRz4gNbYCtQ,MEX,SCL
N05O4xa5pYv4Sucw,MEX,SCL
pul23EmEUgUQgSsR,MEX,SCL
PH3cEEw8sryIlTJv,MEX,SCL
uT7EBa0a5bTXhNIQ,MEX,SCL
jQFIoSN5MzxhE8L8,MEX,SCL
b0l744ZqHDp3vU4j,MEX,SCL
NSzTHToiYDZai0hX,MEX,SCL
u2484oruCDmEzLZ1,MEX,SCL
UAEUbbMsEVCY3Acn,MEX,SCL
LtLabOy9m1kbqals,MEX,SCL
1fqmwATdM8E15oAk,MEX,SCL
ZmBS8eNe81YYVMUn,MEX,SCL
bYE53atsIJ5JAvRo,MEX,SCL
cSqaoDcGNG6re3Hj,MEX,SCL
8dc7WiaZl1CpDYWk,MEX,SCL
saxgNbJgVQRKDikT,MEX,SCL
Z4mJDATTmEZgE18G,MEX,SCL
mBuhhppAPOn2OuAr,MEX,SCL
gUt6qxjfc6ZWt5Cg,MEX,SCL
EUFw5MA5IusVK93b,MEX,SCL
pyrNJKqAdLLqX3Fz,MEX,SCL
3L2XEwOmscIDusah,MEX,SCL
HawwkMQJd3IhSkZl,MEX,SCL
myVfvnFXArHdG8ZG,MEX,SCL
jdavk57IvfEfj8yD,MEX,SCL
0vUN8CKkt5ZzsMbn,MEX,SCL
hMSQqjNY3O19meR2,MEX,SCL
x3vVjMMPKPb8FSFg,MEX,SCL
OYQiywO8KiCCWSId,MEX,SCL
IttX7DYNBZ2sXItC,MEX,SCL
B0t3xxpEEAXG9jNE,MEX,SCL
0p32Nvo3aOgum9Dw,MEX,SCL
EFDJM0ABO1oEm8N7,MEX,SCL
7DrPtL7YZnQqKfOq,MEX,SCL
qIU0lbqwxiKADwyx,MEX,SCL
twgSl835jBgck4hu,MEX,SCL
zmAkJQOKthUQanF2,MEX,SCL
FFFEklGuKdPV4t6W,MEX,SCL
ZfcB8PbmYOVqdkjF,MEX,SCL
x2WbvfV2Q3kocs4R,MEX,SCL
UHBWTO7BsVPd7Hry,MEX,SCL
bMHsGuHQP10DrOEA,MEX,SCL
iaWNFQY5R0CL8jXP,MEX,SCL
Tzv373uI7QLuZPQD,MEX,SCL
wNAoNdN9SK3BOhny,MEX,SCL
BfieUkxmVZgAqN3I,MEX,SCL
l0noUiRNxRCW77TR,MEX,SCL
ylLn5dd6Z6lQVfBz,MEX,SCL
hel6Sxuo57A7Vsv2,MEX,SCL
vOpleZ531ijD0BRi,MEX,SCL
3i0Xy2YMkMhQPRvn,MEX,SCL
HNQav3QlceygtWSb,MEX,SCL
IZBkKkjBlfP7LOwu,MEX,SCL
OMPiAUNNC0X22UGf,MEX,SCL
VdckIC3XBqHOfZmH,MEX,SCL
Pcs3PJnjNR06hLb5,MEX,SCL
y494Im67Dmy0w7Uk,MEX,SCL
5PloXP61G71zDJ4C,MEX,SCL
GXrmlinilcm3Jx0w,MEX,SCL
B5PczieX3rM8P91U,MEX,SCL
IRJjPyB0GT8b1G19,MEX,SCL
QYeVG78gJyiHJ2lU,MEX,SCL
khieMfjdg5yQXjSf,MEX,SCL
XL4JT5Xvfw3VYXRz,MEX,SCL
ERb9Wyvmy4E6xR1o,MEX,SCL
GG2oRoskC1YdMOG0,MEX,SCL
ei6BaoQtn1T2i9ix,MEX,SCL
2FrrJ5oMlLRyYTnM,MEX,SCL
Rd8lKJPER5LpOEvf,MEX,SCL
xIAbSJlr1dbn8Xpv,MEX,SCL
TO84LDZDllqNzK4f,MEX,SCL
wSAfUOjUnObuG1kt,MEX,SCL
iQTm5d8WsxaGAB5n,MEX,SCL
Crz5dfUP0ut9EaY6,MEX,SCL
zKj0OVxN4WJiQdNl,MEX,SCL
vd7Yo7d6rpQi87TV,MEX,SCL
EGy0mhiAuDoEzAoM,MEX,SCL
yXX9PcceH6obPSl4,MEX,SCL
bFpe8Oss4f2J3HIx,MEX,SCL
inH7OB87wTJgxeK5,MEX,SCL
8WjlYV3J3sfjvcYR,MEX,SCL
FGB1VJ68kiYsSPrR,MEX,SCL
nVwM38BTgQ65pPrc,MEX,SCL
8GjPy3wBJqoWar6I,MEX,SCL
fKC3pH5bYZF7ROHl,MEX,SCL
Eh3gbz9hdqvvhXsQ,MEX,SCL
hidqrXqJaGm1MBlW,MEX,SCL
ErD1t6yyPsrQmIg3,MEX,SCL
ghnkAL6c0h6H0Ctc,MEX,SCL
Mb0REh8A2bsqpYQn,MEX,SCL
h3s0LyMQ4xzVqVvN,MEX,SCL
EIBBmbNum7zIWJPN,MEX,SCL
8DQL4j8dIUFF8oCC,MEX,SCL
7TjohvZB8Kw01Qyz,MEX,SCL
yqgpvb4NpPnXFs7m,MEX,SCL
BZFVhFpuaVIuzqEa,MEX,SCL
6UYQTL8UJjBgyYLb,MEX,SCL
nTiDWc6krGdBLBZU,MEX,SCL
lY2Kb30QhDdWDyrJ,MEX,SCL
l7DarCMCT2OKKdHZ,MEX,SCL
ZKvo6MdSR6KnF8Sc,MEX,SCL
TxtdEqws367A9g0m,MEX,SCL
3R7PeulxyTpOCbdT,MEX,SCL
WNfT9oI7NPeEMK6p,MEX,SCL
S3zsHvXz2v4QSIGI,MEX,SCL
063tBagm54cyBIU1,MEX,SCL
asI03bPHL1ovxUwa,MEX,SCL
6xhSGQ18Flrffjft,MEX,SCL
syVwSvAyDioEvSfm,MEX,SCL
mYw1Lm40iy68SSuD,MEX,SCL
9YMeBuhVZwaPl6ts,MEX,SCL
ihq2ThT6U1mar8eo,MEX,SCL
1oYH6h2nhKSSNJM8,MEX,SCL
vyIAIYmezoLeM6SH,MEX,SCL
z2RpFTfhDBv6qqMq,MEX,SCL
mg9c87PfnTI34iiz,MEX,SCL
1RKp7okKw5R4z4CT,MEX,SCL
L6ZsqN0qXwfWKh2K,MEX,SCL
gOL80PCUQEAQCIml,MEX,SCL
cWkBCDSD80jBqhfO,MEX,SCL
x3fEbapMJPH7oQkv,MEX,SCL
mLh1O30FqzrjaHPs,MEX,SCL
1XSE8pOqdhCBX6a3,MEX,SCL
sYmuoLn7sF27slLA,MEX,SCL
nEd7aqciHK8pD8NY,MEX,SCL
2UMUTbocPX4l9vxH,MEX,SCL
dk2Q9JfD5DLLJnPx,MEX,SCL
LldWY1EL1AaBYaZ8,MEX,SCL
5nUKEM3wIFxL5QKC,MEX,SCL
UtvrA2HiBjrIK7rs,MEX,SCL
u8lStF1fJ5r4ENZI,MEX,SCL
RG8e1HxwjKph5Zcn,MEX,SCL
GTtj6YJBnmlxMmaK,MEX,SCL
b7NM08lbbfXnq7RW,MEX,SCL
gtNng1QJKK3pVaDC,MEX,SCL
UjcBwpvrySnRdcYF,MEX,SCL
vgjRJYGVYPci3Dzl,MEX,SCL
WbmDnB3XbQjhr0Jw,MEX,SCL
bU2rOnpVV5x1dwLt,MEX,SCL
8e21vRiCFDOhrjHh,MEX,SCL
ct8WS9omYk6KPYBL,MEX,SCL
YjGMCKK8bwQrB0tH,MEX,SCL
xrX50OjoVswrqAaT,MEX,SCL
FeRdFNwr5HKmr44j,MEX,SCL
PDZyThFCayQGPdNm,MEX,SCL
soJIRqz3JJHGcbis,MEX,SCL
f5zzE2nzbobhSc4b,MEX,SCL
LFh7ohAXvMrUBTb5,MEX,SCL
aZNXzTHUqUL50usY,MEX,SCL
Bot86H94zcXfKqEl,MEX,SCL
OgqEqkAiHucsomMU,MEX,SCL
Vbz4qkodOBqbcYts,MEX,SCL
1xSq0IWwfGL2x2en,MEX,SCL
HqrDIpEi5SKwN0AW,MEX,SCL
TYbah77u2gkPRgnQ,MEX,SCL
cntJo2TBfYKy4X4p,MEX,SCL
SAypqMrs6gJCqJTa,MEX,SCL
Rcm3eV9M1nTqQQiw,MEX,SCL
byYklyEIqQYQTfcO,MEX,SCL
eugHP4W8gfIMaPf8,MEX,SCL
PvLDAjn8CbtJABpB,MEX,SCL
uTRLF74mxATinnnH,MEX,SCL
lyMPL2nNsSMqrGej,MEX,SCL
naTmSdCxysLSD3oZ,MEX,SCL
cz7V42O56eAAZ4iW,MEX,SCL
S4H6tsN81dhsJqlU,MEX,SCL
yUU9FdELzhFkgnG5,MEX,SCL
eMBavM48BqsePfzS,MEX,SCL
WxFUn7H2TnAeCVTY,MEX,SCL
xXmFHlLwuiQX8Gyc,MEX,SCL
jlunWAKN6Btm56fA,MEX,SCL
QKZrJ6Y0d7MK1WFr,MEX,SCL
mNNbzjUEC8OsYI0T,MEX,SCL
9WjEFcYZaNI20ydC,MEX,SCL
GpgHp2vg4w2dXNbA,MEX,SCL
GWaoOBqwMOSOzgqL,MEX,SCL
XwJdHWcv0G8L4RT8,MEX,SCL
FgJkqe0sD2BXVxd6,MEX,GDL
ycmQEFKu0zbVAm6P,MEX,GDL
dWdHW95fSMlyJ1WP,MEX,GDL
yHbsDAuPvwnLQ6Ug,MEX,GDL
peXMebNHIbJfsEdb,MEX,GDL
SgBejotgqNAC1Yz1,MEX,GDL
KLph9RLmckILW0wL,MEX,GDL
Kk9QftbPxMpiSXnc,MEX,GDL
lzg8OmPemD8tVVRS,MEX,GDL
vuMeKVyVThZbBCjN,MEX,GDL
7KcoU2cxXSVfSSXo,MEX,GDL
M8mjE0x3V0ZNfcMI,MEX,GDL
7iEyimUp6GsuIhBe,MEX,GDL
shAZcG1kJFHtTC9c,MEX,GDL
Gj1xL8c2HzOTbHsJ,MEX,GDL
58Sm9RTLPMmpZRFZ,MEX,GDL
SexKH0AT6tvnWKPa,MEX,GDL
vzodNjyBOvdNLX0J,MEX,GDL
oQ0Fuzsj7Zjv7K42,MEX,GDL
Ozd4WnjISLxJyKHf,MEX,GDL
hhRufoGtfgNULmhS,MEX,GDL
sUuiAymBcjercLgN,MEX,GDL
ONxDs34ShfrcsAE0,MEX,GDL
ZB9KvNglLUajrs3b,MEX,GDL
TzHdMHmRiFk5ufar,MEX,GDL
kQw9hfd5BrOquFHy,MEX,GDL
brVXFN2VrTL7Rb9F,MEX,GDL
qkB9CshZJfVO9JnD,MEX,GDL
SOvBHkhTTSPkMca4,MEX,GDL
80tM6dJ2gMalgYSa,MEX,GDL
pa4RNw0x9cMUfzS3,MEX,GDL
pYCZuJWE6NGjVXzZ,MEX,GDL
sjE5yniw8Sv9Qhfq,MEX,GDL
4Yd9cHTObbWG7KjV,MEX,GDL
KERpclO19NyWZKde,MEX,GDL
sqlbdIoLBmSqjW6Q,MEX,GDL
T3RoWG4ZzvlzWKMn,MEX,GDL
g76wY3lizxOzeeKm,MEX,GDL
aaCgDI8NA0IhLEe8,MEX,GDL
OcYEAbuNUzFgI9mP,MEX,GDL
8TONvH9UUDBLiars,MEX,GDL
UZDJfhStrhSrGxpQ,MEX,GDL
nJbwvVEDMEatruFg,MEX,GDL
jyvzle5xd2e6pWDa,MEX,GDL
lONZE3sky9ruDY5A,MEX,GDL
dYin8wo5PcpLG5GH,MEX,GDL
gmHCqWTv7nygm7pw,MEX,GDL
HhGdElRlmleeZQqr,MEX,GDL
xz9dlwyBSBwadnfZ,MEX,GDL
r3GolkVYmxiU0rsQ,MEX,GDL
dfO2Idtie5nTRfYu,MEX,GDL
0Z54M7RQzOtqhQ6H,MEX,GDL
u9tB9AixXfTwk4e8,MEX,GDL
CM01KoHxe0OrJtse,MEX,GDL
8sAtb2dqVg7k75RE,MEX,GDL
L8qH3eN55HzQr14r,MEX,GDL
KJ9Wz40GfedM1alX,MEX,GDL
venlIITbl70ZfUKr,MEX,GDL
obg3zsl8zjK5ZSDg,MEX,GDL
i5xItRhWpwjKXkl0,MEX,GDL
H9VkfsGT87ZVhCjl,MEX,GDL
GNbUYcEJJ0PrQJlG,MEX,GDL
mInBOwnbBTdzFydM,MEX,GDL
AulI95rMUAIEKm26,MEX,GDL
WLXkLkWSCpWxyloJ,MEX,GDL
6VdLElI2AUSU0hBC,MEX,GDL
vaiXNEHvm6HseQeE,MEX,GDL
XqbSeErrpJ3R0pU0,MEX,GDL
CRvSejMELOaeR8sB,MEX,GDL
Pmx1EM68hNeZVqqf,MEX,GDL
WJTcr9i504QPcpaZ,MEX,GDL
1lSbjLMirm85TTEF,MEX,GDL
Bn9tNMXTprh7KMZO,MEX,GDL
HjYrpGatszppTkOv,MEX,GDL
QSIohHbBrkbeibVw,MEX,GDL
CuX0s9XcOG956IXD,MEX,GDL
FT45ANwwxRT0UiYq,MEX,GDL
Duy4zxzo4vVHZ83f,MEX,GDL
gm9YR9VvmQRf3qTN,MEX,GDL
hm5zl9fzep98NmQz,MEX,GDL
0I43oe8sy9WWBhrN,MEX,GDL
D9WbIDL63ugG7SXo,MEX,GDL
lbDFNjHYVFsHzlIZ,MEX,GDL
pXo5SXpsVSNmuqjC,MEX,GDL
xBBVq971OdNPHeZX,MEX,GDL
TnpWVmm9q5O9BvQV,MEX,GDL
xpFYGHajoAbWUjY8,MEX,GDL
jnaMP7Bn4nxm05N0,MEX,GDL
W1sGxBFb8iQTQVg6,MEX,GDL
SbHH0rnJWjGOHI27,MEX,GDL
ieutvb1Xf9vV4TRf,MEX,GDL
dCmcWz9NqKCV143x,MEX,GDL
63psqvZ4zgbYHHjG,MEX,GDL
fUBRjS7bGoOJJv0g,MEX,GDL
HZ1l4LJfhBXO3qng,MEX,GDL
AzYc5x4rIJLxd040,MEX,GDL
FYBk6KsrXafhKNAR,MEX,GDL
N3jtgJUYWDfsBo5C,MEX,GDL
KHAVFph08eeEEfqW,MEX,GDL
pf88PRnvJlmbY208,MEX,GDL
PDX1txzhpHJCgZdX,MEX,GDL
nuWwFggdoHMWdBUa,MEX,GDL
wApVHndpNZw7Leqb,MEX,GDL
NyRVJeOf9h2Tj3Gw,MEX,GDL
OehKuoCquIRkyqEx,MEX,GDL
DnNrIT1oNxxplr5U,MEX,GDL
gB4qYxjsqXKQ2DhO,MEX,GDL
6pB89Cy38FDomC8G,MEX,GDL
4vE0eh4gzeUje8xN,MEX,GDL
flgUNiEiGizOMnfW,MEX,GDL
xGQgSlfpFf7emQro,MEX,GDL
GNs1vZg1FZtby3j1,MEX,GDL
80kfylJjzxt63f94,MEX,GDL
l1IVCr0w0ZHu10ig,MEX,GDL
CGTzaA5rkhjvvNQB,MEX,GDL
a8hXX6N8vSj6WHNm,MEX,GDL
0sSfyGeAqq2BI2Zh,MEX,GDL
u2k8hKy84gEkqI6R,MEX,GDL
WVtEpuzppGFK8xt8,MEX,GDL
0EOV0oHKpxN3PE0F,MEX,GDL
5pSL8je15kd73biW,MEX,GDL
oEJk1jPf8q9720xp,MEX,GDL
XdgLj84CXWAALPfh,MEX,GDL
e7ZsjYReuH0QMpnK,MEX,GDL
0cpC1dK5m5t231dA,MEX,GDL
dfxD0iQR8iEJv9Ak,MEX,GDL
L3hRpQBPD1XzM6JB,MEX,GDL
mYRhgcRbYndMj9TH,MEX,GDL
lgvRr0kkHazImLV0,MEX,GDL
yHk8g3SJGkbLElSD,MEX,GDL
SM8VnBRtYEI9tnP3,MEX,GDL
QRrO96zyOLDMC1GI,MEX,GDL
yW9Yso89eNwt06sb,MEX,GDL
P38MeeiAJ8TIvZnN,MEX,GDL
w94RDb0IO1pJr1g9,MEX,GDL
DQ0vhBXVlnqY5zzu,MEX,GDL
xmvRofIvp7yThQGW,MEX,GDL
KCAErnWm1MqEwuwU,MEX,GDL
MAWoyvB4Td7zu8rz,MEX,GDL
mwHqZ0IyzRhWRMTE,GDL,MEX
uTYTFuEkpWmVXy22,GDL,MEX
H3U6UhCk5vNztCOE,GDL,MEX
mWq5eCV1UUEssvmG,GDL,MEX
NZ4a4UHsiZc5x0s6,GDL,MEX
2BHhKPUAXXybPhUd,GDL,MEX
A9SCwOZWHiS7oLKi,GDL,MEX
SAPipnP3D1KVssBE,GDL,MEX
wO41wjknHdzucm8r,GDL,MEX
2CyJoM3tlhePXWRs,GDL,MEX
BMWJ1ZCRDGgnUekC,GDL,MEX
Azow6EcwGOoj6KrJ,GDL,MEX
FG7xioZjuZw5fSqK,GDL,MEX
I6ctnAjLvxYT0BtN,GDL,MEX
L3T1CWYrAjl5UMVL,GDL,MEX
mb8GwjZahIBlg9DG,GDL,MEX
0IOCMqWD5qETTjSr,GDL,MEX
rRAgNSvGYUNVNY2P,GDL,MEX
5fEGXsD3kY5Gzk2C,GDL,MEX
h66QAAGYAXBdl9Xu,GDL,MEX
flM6urSD4luruRTw,GDL,MEX
T6mQp2ikEtkmV5Bs,GDL,MEX
yf5OzZFEFuIWQdgL,GDL,MEX
pBTDkzGJassbs127,GDL,MEX
6jgCtyU026cqct3Z,GDL,MEX
YW7329F5vNtOondP,GDL,MEX
E4zoA6BB1HPBW1Ty,GDL,MEX
fYkH03Yb7Dos8zpZ,GDL,MEX
ebh6aHYMvimWkddr,GDL,MEX
NyjzofVlf2yz7suC,GDL,MEX
kEUh80kiVg86AATG,GDL,MEX
vX6hetiFSJO7dGEN,GDL,MEX
yZtSZkcraIiTb8aZ,GDL,MEX
COtwtkpXIC4heS1f,GDL,MEX
P6Q7oSRr8uP7Aki2,GDL,MEX
Bzj1e1NhCmdHRgTX,GDL,MEX
LsTwRcoZlOusfPLx,GDL,MEX
5Jr8hTTwAm05dhdm,GDL,MEX
qzhiKnKvlvaIocsF,GDL,MEX
xv2lxWRuTiaP2f8T,GDL,MEX
aIXPtFldgd0wOsjG,GDL,MEX
gAQstbtP6BtmeA8a,GDL,MEX
WbIl5Eql2ByBMIUF,GDL,MEX
TKFy774erqCKaa3B,GDL,MEX
WvyRBFAKhNwcZcR6,GDL,MEX
0raXs0Sag2KwhrTm,GDL,MEX
qtjPZ2gpFmR2siyG,GDL,MEX
92Hhm8JekCibcP0z,GDL,MEX
udlUtSUV9Afh5mMc,GDL,MEX
FmbnRcU7LG25zD4H,GDL,MEX
Jmny1O3fLB5FwJmb,GDL,MEX
oeOFcHUxPZsZQBgI,GDL,MEX
1cPsrDkisw1wZp3w,GDL,MEX
cvdcHIcTAUgHswkg,GDL,MEX
kJjJjhhTZmSgk7Du,GDL,MEX
1ZcqEttqgshXjYqP,GDL,MEX
H7irkDJYK6oMNYHh,GDL,MEX
tHQduy0vIPHCR9TH,GDL,MEX
3m2UcrsPW5C8W7FZ,GDL,MEX
tJ4IM6BrL1JbJez6,GDL,MEX
e30FKUqzNXIEYnC4,GDL,MEX
Lbe1znDJh4BP2iNd,GDL,MEX
a2XXQO4V3tOpckFS,GDL,MEX
n1yk2B6nzTeuVHHb,GDL,MEX
mLrkIuY55l38UkLM,GDL,MEX
IVRcqU0mLM6b3FEf,GDL,MEX
kwheOjGdQvIuqi1u,GDL,MEX
ARQLu1dLsIOHwPDg,GDL,MEX
PKvbqmJQMQkVkXiD,GDL,MEX
tRTDVnJUnQTHlYvJ,GDL,MEX
222xze1gIQErqsPP,GDL,MEX
5k2OpUgS6JgrHHId,GDL,MEX
73E0HRkahpZVhADg,GDL,MEX
DEZr5Ull4jSCHqVg,GDL,MEX
QWBvzjE1dEXDc679,GDL,MEX
vZintti435QXj6ol,GDL,MEX
Uhb9llGfijkxbW2D,GDL,MEX
EbY2grVp2TSjWQEH,GDL,MEX
HAULBAFIHZRU9GcZ,GDL,MEX
1YYBtCj211N4sRdO,GDL,MEX
3U8Betjb2oU603BX,GDL,MEX
ewDbD59Nd9HZr0Ce,GDL,MEX
4uTnTCTM794RJkSP,GDL,MEX
lJQwoxXTbJZIA9Xh,GDL,MEX
fikiKKan45i7VQcL,GDL,MEX
ZKWGHbbLALUxfHR7,GDL,MEX
p1MEsNChtXSa4Idf,GDL,MEX
CsN3Isa9Fv3551tN,GDL,MEX
Sq63jrkpA766aolK,GDL,MEX
qPkrjATWchJuWGdt,GDL,MEX
D828Ht3FapsET5i4,GDL,MEX
Qi48iaO07Agmp9tb,GDL,MEX
HM6lDG6MwPZ8ovBj,GDL,MEX
7GxpoRDOIP7p8ltw,GDL,MEX
fhR1jcsj9p2GJPc8,GDL,MEX
tHxT0xAEYfzf9ugh,GDL,MEX
h0vRsGKflSP5bBDe,GDL,MEX
8kEphVOnXlyaVQe1,GDL,MEX
DoFTifQwlLaMiSMz,GDL,MEX
3xhrzW7rRiwMivL7,GDL,MEX
Kl6KFqhXGpwr5ywu,GDL,MEX
KXQJ0Vc2wYLkjhH1,GDL,MEX
OhuM7kxbbdXmBLZB,GDL,MEX
3pa8t360pE9SbMjf,GDL,MEX
5JOoq6VYMntFn2cT,GDL,MEX
6CT84PKZ3idopyfv,GDL,MEX
oQxob8SPMxHtZ4Qs,GDL,MEX
dH8oXxf0p2J3b1FQ,GDL,MEX
GpVsVGwFANO97TNL,GDL,MEX
GVkb75Z88LBuWgvP,GDL,MEX
N0DluTMBbt5yncA9,GDL,MEX
WdN0K0OtcyQru8Yg,GDL,MEX
kf9oumDCVj8Ef0PJ,GDL,MEX
5QjwdaNKIgHVvYol,GDL,MEX
OgEY8AG5vpCHgoh8,GDL,MEX
SRrKnjx7Exx4QcGH,GDL,MEX
9SatgoLPTsyo3VsD,GDL,MEX
rM2xCWRTXSf36ilB,GDL,MEX
oK9tbjTjGqkf9zhy,GDL,MEX
kiqEuLJwhIPXlZZH,GDL,MEX
pBXHCOsHyBqvVKHL,GDL,MEX
jwBi7peIQJIsHwws,GDL,MEX
pSfUYzV0GVrauAPl,GDL,MEX
iIESpLBLpLNQaO0B,GDL,MEX
W0TNB73NtGUbc6pM,GDL,MEX
MPeeK82aDJUwflAo,GDL,MEX
o4NpoFpHGvCrGjPC,GDL,MEX
tQpY631Nm5h7KIEf,GDL,MEX
xQaZag9WaPMh9G9l,GDL,MEX
O41Eaa2MB0AIeMXT,GDL,MEX
JA226mjerBzAPBNn,GDL,MEX
Z5rDk2ELyUYxqKrd,GDL,MEX
uKDBZ66sGAnplB1y,GDL,MEX
eFelKnYZxUKpWEIp,GDL,MEX
H1sn362RZ81gAcdP,GDL,MEX
oxkjAmIlgwFPx6Ms,GDL,MEX
J7f28t3EV1Va5a4l,GDL,MEX
jozCpbGYp2MXZotc,GDL,MEX
IP5jphF93HW3tOjy,GDL,MEX
XOGqt41j6HBGZzaB,GDL,MEX
Dxo5y5JnJzYBoPTi,GDL,MEX
zD0WdWE7yEssyA6u,GDL,MEX
E4BK0OUNO5TP2jYO,GDL,MEX
6Fb4dFpyW7pUMSor,GDL,MEX
HRZEm4xuvtWX7wHz,GDL,MEX
EiAo6ryh35L67JXC,GDL,MEX
BxWAtGbRNOTa74W2,GDL,MEX
DJSuGqOENDENOJsY,GDL,MEX
wJZdelVIuA2GNCr8,GDL,MEX
1TpkUpxSdVwox4jl,GDL,MEX
yFt0V6myfnNhtTpY,GDL,MEX
uYfe9X6CZbiLglnW,GDL,MEX
KzCWC741UMxo07CD,GDL,MEX
NTKloPkJD85d0R7u,GDL,MEX
Q93zsikXJqxGRv9V,GDL,MEX
LPj19LAm4k1mipQe,GDL,MEX
5q73K4thKAcx11cK,GDL,MEX
FnEmro0WBUTeCagE,GDL,MEX
0p3msF7V8rlk4WHs,GDL,MEX
KS6ztMhDFkaED553,GDL,MEX
q9XER63Qu11uFhWH,GDL,MEX
bVTXtBDIZLAjHP4Q,GDL,MEX
3GQb5p7PCryd4ZWl,GDL,MEX
8Lr2cWwKtFYqy4sr,GDL,MEX
sS2ESaOAWXuAvKQe,GDL,MEX
DHV9EMRkN76uSHVN,GDL,MEX
nbH6Iu1ZRXutTbK8,GDL,MEX
BHDML7WHZaAOEbgb,GDL,MEX
miveQvk4jVZ99DCI,GDL,MEX
z8GfsNLEkHjU7Tfg,GDL,MEX
7UpLVfdjJcZ3rtq1,GDL,MEX
HJvzUyooyfehcw7m,GDL,MEX
RVwsrhggylaneZBt,GDL,MEX
K1P0nmAtmXNV6Ugl,GDL,MEX
BRjE6rEC6ut4Eiyc,GDL,MEX
CqAaAThzhLWOgCxF,GDL,MEX
hQXXCoIjJ2mMTQpG,GDL,MEX
ZlODsG0w5Sb8orE5,GDL,MEX
cvI3WCcAcRC6IsKg,GDL,MEX
CYqrDaA8AbCrUZ5m,GDL,MEX
fzdFw6opXOhvmHsh,GDL,MEX
bQ3qTqB3Qh1T3MWD,GDL,MEX
QyMa5AEBe12WUzoI,GDL,MEX
a8zCErF9iYQqtayW,GDL,MEX
FKJM7TsSyOxVFzr2,GDL,MEX
uHw7zPtk7biOK6Jq,GDL,MEX
RLMX8y1myL6tJsx2,GDL,MEX
63DN3Zq0unF9lawe,GDL,MEX
TubQFXTQFzueIcX8,GDL,MEX
Fmc5RNSZ3mdJJ0pM,GDL,MEX
CBOnIK0F1qB6fjBA,GDL,MEX
hYCvu6mErMN5aVsm,MEX,GDL
XcOeSHbYRhDxrTiw,MEX,GDL
4N1b6QsQQjSAxjMc,MEX,GDL
FgZNHopqdaqG2g18,MEX,GDL
c8lXExLF3SL12bxt,MEX,GDL
OBYUC2SaPm2kycyZ,MEX,GDL
q4gAzdfiNDnBFlMt,MEX,GDL
0x4R2phXFZnogYeS,MEX,GDL
dmZ1x51oWSg6BIJ1,MEX,GDL
FwByUJg8QJ8JFvTs,MEX,GDL
YLGahMiqZcIy93H1,MEX,GDL
et2W1tr77aKjvK24,MEX,GDL
eo868mDO2Ezhk4zi,MEX,GDL
5LhZzhIEW8u0LT7m,MEX,GDL
8Ayl7to8VJnRtzfN,MEX,GDL
pB2cwDtp64ti2Yv5,MEX,GDL
lMehKl1x3WjbVisK,MEX,GDL
RIyGyMPVxZHbh6jU,MEX,GDL
dBpluSXYdRwDdQrJ,MEX,GDL
UyfsIL3dhI8YlFy6,MEX,GDL
Gwuk6liLD2Yewzt3,MEX,GDL
W6B1VVABLJijgeeG,MEX,GDL
b3rlUSeqNLaGuYtg,MEX,GDL
DSnplPT9eLtth7x8,MEX,GDL
EnobdXCEzopvljh0,MEX,GDL
a6HSIWZdLlVUHFYd,MEX,GDL
iDtLMYhx2YX3UREt,MEX,GDL
03AX6n9PWxMVLGjC,MEX,GDL
MlPKZjrsM2ilS7AB,MEX,GDL
0DkHvgBzWQ23EeLc,MEX,GDL
KDQP1rG8a1L3WEUX,MEX,GDL
vL5sLSyyvjPtCU1T,MEX,GDL
Dt8WLfhW82khhYME,MEX,GDL
tXb75CuaaCC3AZkG,MEX,GDL
tMfKTQMF3Opl4xxZ,MEX,GDL
eTFFIciyaKq9BJ3X,MEX,GDL
4n9b15mKvu52hdpU,MEX,GDL
HqT7nnsgPENzkaPx,MEX,GDL
Kf5aVoDJdHbZIQn3,MEX,GDL
LEFeTSEUiSimZQl9,MEX,GDL
8MWCtEDvZzIupp9c,MEX,GDL
tw5LJdLRC5QDs83F,MEX,GDL
TVw0A3QcPZQK9az5,MEX,GDL
aS7LthBxZ91yZjYR,MEX,GDL
CG402k4tbUsWy8rN,MEX,GDL
az7zX6aduhUUGqob,MEX,GDL
Dkp5IwmaJmHKZnrV,MEX,GDL
vTSp7E4fBMeahjst,MEX,GDL
6dhQqwjuNe4Cbn5o,MEX,GDL
HsxvL9cUCzbGmDvA,MEX,GDL
D2xHUVl93gd8f8DO,MEX,GDL
t5WJl9cUJIsmiuF7,MEX,GDL
C8qy7XpLoxrqg9ii,MEX,GDL
8i2MMw2W7awAa25U,MEX,GDL
SHjXYkhAcfRTgfOo,MEX,GDL
4DHOZTXGtRoQZlE5,MEX,GDL
6dUHL5VcUyUIUVyj,MEX,GDL
0CWSnFKaS29XQdnr,MEX,GDL
XeKC8XpRyzzN6KUa,MEX,GDL
yrYVBdltBKtCMyoX,MEX,GDL
GwcGVbQwzFY1gXvo,MEX,GDL
4NJ3giHeFsducaf3,MEX,GDL
lL3ufHmGObS5xExc,MEX,GDL
hcS6M3wC9YoLDGtG,MEX,GDL
Ap11WIPKwZrhKivM,MEX,GDL
dKm7PMUnnCdfeUjy,MEX,GDL
Kst93djZlHDNBeQ7,MEX,GDL
E0TfMmo2HiKAymLq,MEX,GDL
Es2ltitA2qedi6kj,MEX,GDL
be5cI9oZBK4l5swB,MEX,GDL
ftmp3FWAC2MNZGKf,MEX,GDL
fXPSfmlrcZFQDcGd,MEX,GDL
KR6xK2Pioc53hzOq,MEX,GDL
jbIjRevDgcIzf1AS,MEX,GDL
SmGj8pHTh9oOGWvQ,MEX,GDL
o6jZC1ULQTZq1Jc0,MEX,GDL
UwwKXGtrU5smL9ye,MEX,GDL
dFQeDQgPIWZOWRB5,MEX,GDL
7DhDgL43O2lOibi2,MEX,GDL
kTWPttpCunejEjbN,MEX,GDL
t7mfNgdmyj2X2zNu,MEX,GDL
mfGjJqJaz8qFjXjE,MEX,GDL
wU1O9c74WMti292v,MEX,GDL
6fY8kalCS2LjRkO4,MEX,GDL
If5t4ip9QwMID1r7,MEX,GDL
rauk7xIrNqcd2LHC,MEX,GDL
gLp8juBguUsX2QQ9,MEX,GDL
hJDrXif1R2ow9HL4,MEX,GDL
lrngz9GGM9uf6LM8,MEX,GDL
SRvFSYxq6tHyXFrG,MEX,GDL
kKWFzORhnVkz8EI0,MEX,GDL
5muvXA45WQdvgw6L,MEX,GDL
JM41D6KDq9hcIWdS,MEX,GDL
Z1BAbuTVstJDa7VH,MEX,GDL
PZtGeUBUwMn14m5r,MEX,GDL
sBEuZ7A5odeBEn45,MEX,GDL
W8LM94NAl35DeU9v,MEX,GDL
hfd8ANVCUdIVKer6,MEX,GDL
TnQ7sa16RKM6Glz1,MEX,GDL
9rQd5965bszlPj9i,MEX,GDL
C04vmaID1VJQaalX,MEX,GDL
WjVj5EVSBJTSgJKg,MEX,GDL
vHwgiyWMr807uQHv,MEX,GDL
bX0tGHKbXPSzysJJ,MEX,GDL
41c0zHgctg5RR9gJ,MEX,GDL
WAQy9nMUrVQvrGXA,MEX,GDL
szvevMPSGmfrfFLt,MEX,GDL
HBNcmapwzc5prUD0,MEX,GDL
5xVdyzFWAdX6P4Mh,MEX,GDL
O3xcMzfIPvPsiYl4,MEX,GDL
vTPx0NALoKTO8wtH,GDL,MEX
S1Kc358bI8LQCp6T,GDL,MEX
aeW5yT8rKm7un8si,GDL,MEX
hwwfnRsMQbJGhyCp,GDL,MEX
5CG3lM2aqX3Rdthv,GDL,MEX
HEibV4qIm8A8wujy,GDL,MEX
9lNYVGPepA76qyc4,GDL,MEX
DYKtIX5AQE7SXYqz,GDL,MEX
cyjtQHdGG7fYgbCG,GDL,MEX
GI7TUfzQSwmSJgZP,GDL,MEX
wUj7r11RhlxWyvQO,GDL,MEX
0DlgK26KYi9uAX7o,GDL,MEX
Yxnb4VH1CKI3Gi7F,GDL,MEX
iQPKMPZr4EVe0qz7,GDL,MEX
1tMkFJytMARtQZCa,GDL,MEX
Dmniimt2DeWs6tFr,GDL,MEX
YkPnRVpx0ShkIOLE,GDL,MEX
sD6pXkJwUbgcjcyH,GDL,MEX
AI7LWTCZx2PTt8dl,GDL,MEX
KuBqHfaoqNHTwCSH,GDL,MEX
uDgkJVqkmwJ7PEmD,GDL,MEX
yG53Zy82ZP4sD2Xm,GDL,MEX
RAkOIDRJeP2WdiIp,GDL,MEX
Zg4WCu4AYoVwYGre,GDL,MEX
TspHiKj5JE2ktFkr,GDL,MEX
BMejgzmV3xS3yy4D,GDL,MEX
gUKYxay4jJ1mCpet,GDL,MEX
g3zO2bp41vHT0XJf,GDL,MEX
r1ArwSULqOqch14U,GDL,MEX
B4A89LErzLXHbWSF,GDL,MEX
Yx0KWGaXODAWKwnM,GDL,MEX
l6FuynYpHhEyZnws,GDL,MEX
yVBOS4qWAw9ohscC,GDL,MEX
C13xeIXxPtQRUyrO,GDL,MEX
8TKxZSNkXLiMWgzH,GDL,MEX
148CZ87MRmFuGk85,GDL,MEX
9PvwNW2eEJvo5ZJR,GDL,MEX
hG5MuS0zz30KiW0O,GDL,MEX
AK46NWsNtLeYDrHM,GDL,MEX
LD2rK72FmO3bNr9j,GDL,MEX
imxnFLn0MMeWOFKz,GDL,MEX
sK1LrXrzScCF3AgO,GDL,MEX
aDt2EEy0SsuFuutX,GDL,MEX
FNz1rD1OlkOqntYH,GDL,MEX
AXS25xuZrcPeEn4d,GDL,MEX
Q0L8spY9hXkIqzkI,GDL,MEX
Z4aFNFJ93eCYoCqE,GDL,MEX
P3uHFRqVe7DqanIN,GDL,MEX
mVUF7muHAPwdH3oC,GDL,MEX
aj6kksYm0GwioX2Y,GDL,MEX
W85cf701HgRMPD3X,GDL,MEX
mYVMMyN8o4IgWYcl,GDL,MEX
U55HA5RObH6cQXNf,GDL,MEX
BQiSaHsLHqjIfaRL,GDL,MEX
30VH3IBMi0npjOMb,GDL,MEX
DERciXEB63zKms56,GDL,MEX
B6yFhgaelNstPPdj,GDL,MEX
tqx82mdkVNdUB0Fa,GDL,MEX
EzpSEUTf7ig1Fv7Y,GDL,MEX
WwPwmpMoreKCNWFC,GDL,MEX
qwyaE4qCbziCqzrL,GDL,MEX
ROGUS6ZI8MLWwQiu,GDL,MEX
zy3NseUU3yxSawM9,GDL,MEX
0Xhpnv4XEHeRXeEW,GDL,MEX
gbVXW1Zw1ihjEYdG,GDL,MEX
bc6vupy33i0kdVOd,GDL,MEX
0rQbRRNe2xDl5Pdj,GDL,MEX
EaoHb9wT57fsBRde,GDL,MEX
W5t3V17N1G33sk1Y,GDL,MEX
CFymdPhHRUssiFbI,GDL,MEX
mDaYFcsQeIRFaSyl,GDL,MEX
VtGTKAGRrAz4pLUG,GDL,MEX
HTtgmBiaNF35CLff,GDL,MEX
4CIywUupTE3ZO1Nk,GDL,MEX
eiOBUbeOz0wXeFya,GDL,MEX
sRezg4wrG46Wewev,GDL,MEX
KUxjWBb4OFxQzXXb,GDL,MEX
8VSV07rJgxUfnTEH,GDL,MEX
HN2JBP4b7aY48IOU,GDL,MEX
fgbOb7lMXYGrvTj2,GDL,MEX
dJGllaeBe86IL2FS,GDL,MEX
ZHviDWDL02WQPcO2,GDL,MEX
ERwEsnQ8eU99HPVC,GDL,MEX
sFmFC9P1ilCF0G18,GDL,MEX
cBNCpDKjucF9dRXF,GDL,MEX
QAIozpOKqGmKRuZG,GDL,MEX
Nblm9MzzEGoqjdkt,GDL,MEX
25oTzPERx9XcSsQu,GDL,MEX
iRay2Oyk0gPdIqVL,GDL,MEX
4DbiQiZzh2VkY3Dh,GDL,MEX
ragjJl3bHpSmCdGo,GDL,MEX
mGo0CYDvY2VRn9d8,GDL,MEX
EJvuEyCLuOKd1NKC,GDL,MEX
BBl6Ajt39M2BsU6O,GDL,MEX
9LCEBYIJkFxd1kDr,GDL,MEX
TDi3boJzuoGANooP,GDL,MEX
kVxM2Whv5zx5HT7d,GDL,MEX
S4lIVH32CddZ21em,GDL,MEX
V4OY1Y54FmBzf9L7,GDL,MEX
YSInDS6Jg74GBl9p,GDL,MEX
e39Z4sJcuyJIQvni,GDL,MEX
Re4nUFb7aOoRCr1L,GDL,MEX
68IN3reMnFQZrdSE,GDL,MEX
ZAX83oVDuJ4mIuiA,GDL,MEX
sMLQvNlCOVMVBAV0,GDL,MEX
Gjy7rExIeL4gVccA,GDL,MEX
JzVIGrHAefZfIzuW,GDL,MEX
4zEqr6g9EM6E9IrQ,GDL,MEX
b98C705V4KgiQl4A,GDL,MEX
bpJ8izNN9ePtUynl,GDL,MEX
hqvuSlnQ0baeLZYF,GDL,MEX
dNy1NED5ti1y1oye,GDL,MEX
wmLtbWke9nmcw8Fu,GDL,MEX
jmWZhlPx0kxKjKZC,GDL,MEX
yfC6QZExt9DmAc2J,GDL,MEX
2igRiorvrK352vGr,GDL,MEX
tfBkqXq6ApvNMs29,GDL,MEX
LvaRe8VutG7A9rka,GDL,MEX
9PNeymfClfpjLSbB,GDL,TIJ
sQ1KGvlC0nvrcL7m,MEX,GDL
yr4nf5AL2Inucx4C,MEX,GDL
DOtxoPFJJ1zYI2m1,MEX,GDL
MOGbythziUMn6Lqe,GDL,MEX
6DeC1hiykr1isRyc,GDL,MEX
OXL8WMBLyRMooq79,GDL,MEX
3pNQFCaRvEC9Okdk,GDL,MEX
HFFzUtzEqAzhttKJ,GDL,MEX
8rUXg5gO3n1jV2ML,GDL,MEX
AufIS9I2MAj9oQKG,GDL,MEX
FZJhlHm3pNJzsAGS,GDL,MEX
jI46Z7f7plSfkgqH,GDL,MEX
rXI8Z0QrEwZH9fS3,GDL,MEX
czCiU7gaBUqYWNmd,GDL,MEX
fErgHxlO1Mw6LYck,GDL,MEX
mrri0xZBguUWgO2r,GDL,MEX
sCol8se6lFHomt84,GDL,MEX
RIWobyZRF4W7yY6U,GDL,MEX
Now1U6bagG3DTRrp,GDL,MEX
BOlRplPw3CtbplGf,GDL,MEX
rnYGV5OTDexX5x88,GDL,MEX
Ktkm7zTiJSkP6CXN,GDL,MEX
UuAwV2mpWng5mQdo,GDL,MEX
KbeUTpOjVMIbOC5f,GDL,MEX
XfTyb9gm931NQRqq,GDL,MEX
3v1O0irDYUuSYqnL,GDL,MEX
q0rVJ08wwakj3Ine,GDL,MEX
BhlO3wo91AS9NQ7U,GDL,MEX
gIFEZINaHTWgpo3m,GDL,MEX
OuSXslWuGpeZGMFz,GDL,MEX
C4JDvxdPFhLy7F9u,GDL,MEX
KRjc3wYwHcAtSXPW,GDL,MEX
B5OvdepnjsDrwspE,GDL,MEX
AL9ln4fod7dBFriN,GDL,MEX
7rdd3ecHehSZRAqk,GDL,MEX
UY5ofIdMGIdtdNsv,GDL,MEX
ow5Rxj3t2liBwAVx,GDL,MEX
IkyvvShFzg4d0Mqa,GDL,MEX
UaTQL0kZ4IlVCf2D,GDL,MEX
TK4yOPWRaXq0XtKR,GDL,MEX
WKk9XGVAK1SrNMlx,GDL,MEX
BdbNC24B0kD1ywjD,GDL,MEX
KzyPPvk75lQO01W5,GDL,MEX
Su7x5DKDNOwlGY0e,GDL,MEX
Ru99Rnc6izbMbUY7,GDL,MEX
OwgOJZyQOAk9Nuhw,GDL,MEX
aLqvidTc1pLU8jp8,GDL,MEX
0dEO62FKMYfI9rax,GDL,MEX
UJaEfJom0ZspXjPk,GDL,MEX
ANaQmoOmixMOocXf,GDL,MEX
2Rcz8kiBmOeDtHQl,GDL,MEX
1X8iyz780hK0W2qs,GDL,MEX
KLML80XP3fbFct54,GDL,MEX
ug6sLxmrUrbhpDMP,GDL,MEX
5OKpoC4o4rJuOswW,GDL,MEX
iGpsR6j7ggTsWZcu,GDL,MEX
mtijFvfFbqgPIp1T,GDL,MEX
oAdV1DEGq1i3I8cA,GDL,MEX
C3NZsz5xBt82F4NJ,GDL,MEX
wOxFUJUkgvOIeyFe,GDL,MEX
NVCrt7oRHjyqT1gc,GDL,MEX
iv1nksjcmUB8Aps4,GDL,MEX
27iA7DuZXLw0STnv,GDL,MEX
B6OKJYsAt5PHuwUb,GDL,MEX
yX1ko66GIexJTpDs,GDL,MEX
ejcwGA8AcLcWQ72g,GDL,MEX
nB6WtNW8vKrWHzyC,GDL,MEX
5sxRL1mD8y8GXm2Z,GDL,MEX
6mbyYzPM39TUOSNC,GDL,MEX
TkI2D5ZTfi8wWAzW,GDL,MEX
J0LmTTwbb61KkkFG,GDL,MEX
5x0Dr9XD6sMdsWCG,GDL,MEX
WhecOwTbgLHreVO9,GDL,MEX
UatjPucuQ592IZy0,GDL,MEX
QWU67rLKRqoHtnsr,GDL,MEX
6rZaOqDhvnnw0mHM,GDL,MEX
o52nqFKjwK1HUyTb,GDL,MEX
PTG27KtdGCmaUyt5,GDL,MEX
y4vJtrYSveWcXNY2,GDL,MEX
oxapoNIg9ZW9FrwyY,GDL,MEX
A8Y12lowEGtA0vL1,GDL,MEX
VF8iptovDk5aKrzf,GDL,MEX
cH6fr2UTfTYW4cPf,GDL,MEX
agZFeIqDFb4VhbrN,GDL,MEX
